Palavra,Frequência
banco,475
btg,408
pra,386
limite,363
conta,319
cartão,310
melhor,228
agora,218
sempre,181
fazer,172
vai,172
dinheiro,168
ter,166
vcs,164
obrigado,161
flu,152
tudo,149
nunca,148
sobre,146
todos,145
dia,143
app,142
ainda,142
vou,141
bom,139
nada,132
pode,131
faz,126
atendimento,124
dias,123
q,117
investimento,117
crédito,116
tá,115
investimentos,112
quero,110
bem,109
cliente,107
pessoas,105
parabéns,104
todo,103
aqui,100
pesquisa,100
recebi,100
porque,98
mim,97
pois,95
boa,94
empresa,93
aí,89
hoje,87
realmente,83
saber,83
ver,80
mil,79
fiz,78
taxa,78
contato,77
tão,76
investir,75
clientes,74
apenas,73
pq,73
assim,72
pior,72
valor,71
abrir,71
posso,71
vc,70
pro,70
vem,69
pix,69
vida,69
vão,68
vamos,66
desde,66
bancos,64
ajuda,64
nao,64
pagamento,64
vez,64
desse,63
bolsonaro,62
algo,62
caso,62
deus,61
onde,60
fatura,60
cada,60
menos,60
gostaria,59
sendo,59
retorno,59
plataforma,58
reais,57
trabalho,57
antes,57
maior,57
dar,57
fazendo,56
qualquer,56
grande,55
então,55
mês,55
outros,55
brasil,55
consigo,54
gente,54
quer,54
hora,54
pesquisas,53
corretora,53
fez,53
i,53
ninguém,52
parte,52
usar,52
semana,52
falta,51
péssimo,51
tentando,51
vi,51
ficar,50
dá,50
lula,50
selic,50
toda,49
sei,49
todas,48
dessa,48
nesse,48
black,48
lucro,47
entrar,47
fluminense,47
falar,46
contas,46
coisa,46
compra,45
queria,45
tempo,45
tô,45
lá,45
acho,44
ja,44
ajudar,44
preciso,44
investi,44
além,43
outro,43
resposta,43
mesma,42
outra,42
entender,42
excelente,42
carteira,41
após,41
vergonha,41
ano,41
ficou,41
erro,41
sucesso,41
recomendo,41
pagar,41
aplicativo,40
p,40
chat,40
obrigada,40
pouco,40
assessor,39
mundo,39
pago,39
alguém,39
porém,39
vezes,39
resolver,38
uso,38
sabe,38
experiência,38
fica,38
time,38
favor,37
povo,37
ordem,37
nenhum,37
dizer,36
to,36
mercado,36
poder,36
faço,36
sair,36
cara,36
cancelar,36
quanto,36
processo,36
renda,35
duas,35
abri,35
reduziram,35
primeiro,35
mensagem,35
meses,35
anos,35
demais,34
incrível,33
tirar,33
precisa,33
infelizmente,33
difícil,33
nome,33
governo,33
fiquei,33
acredito,33
ações,32
ontem,32
mandei,32
deu,32
assessoria,32
forma,32
melhores,32
receber,32
corretagem,32
diz,32
novamente,32
pessoa,32
cdb,31
simplesmente,31
possível,31
us,31
paguei,31
ótimo,31
problemas,31
totalmente,30
muita,30
suporte,30
podem,30
equipe,30
aconteceu,30
alegria,30
jeito,30
deram,30
ganhei,29
feito,29
absurdo,29
super,29
sim,29
país,29
quase,29
site,29
outras,28
algum,28
comprar,28
fazem,28
olha,28
feliz,28
existe,28
informações,28
igual,28
sistema,27
valores,27
falando,27
fizeram,27
tanto,27
deixar,27
dão,27
espero,27
tipo,27
pt,27
faturas,27
pactual,27
junto,27
contra,27
sido,27
ruim,27
deveria,27
aviso,27
dando,27
motivo,26
show,26
acesso,26
direct,26
alguns,26
colocar,26
paulo,26
fala,26
pagando,26
dizem,26
verdade,26
top,26
nenhuma,26
começar,25
simples,25
consegue,25
sorte,25
esperando,25
pequeno,25
mulher,25
novo,25
frente,25
diminuíram,25
conseguir,25
digital,25
link,25
consegui,24
página,24
foto,24
trabalhar,24
alguma,24
tentar,24
limites,24
através,24
comecei,24
passar,24
presidente,24
muitos,24
bora,23
cadê,23
instituição,23
nessa,23
graças,23
achei,23
the,23
and,23
produtos,23
logo,23
chegou,23
comigo,23
certeza,23
economia,23
xp,23
juros,23
empresas,23
obtive,22
várias,22
kkk,22
querem,22
tentei,22
trader,22
volta,22
aumento,22
relação,22
acabei,22
perfil,22
ai,22
deve,22
parece,22
poderia,21
tbm,21
ação,21
pessoal,21
análise,21
chama,21
confiança,21
tarcísio,21
uns,21
depositei,21
perder,21
redução,21
so,21
kkkkk,21
opção,21
real,21
y,21
credibilidade,21
mudou,21
decisão,21
causa,21
segundo,21
usando,20
serviço,20
existem,20
possa,20
bons,20
mudar,20
guedes,20
casa,20
via,20
diligência,20
dois,20
dúvida,20
vários,20
hj,20
cartões,20
orgulho,20
movimento,20
nesta,20
la,19
propaganda,19
total,19
projeto,19
diminuir,19
aprovando,19
inflação,19
ganhar,19
próprio,19
história,19
rosto,19
of,19
visto,19
família,19
enviar,19
qualidade,19
ta,19
solução,19
fundo,19
neste,19
grato,19
alto,19
inclusive,18
investindo,18
you,18
explicar,18
venderam,18
tendo,18
preço,18
continuar,18
perdendo,18
acessos,18
capital,18
grandes,18
empréstimo,18
comentários,18
taxas,18
gerente,18
ótima,18
horrível,18
enquanto,18
vale,18
certo,17
suficiente,17
ativos,17
contar,17
lugar,17
haddad,17
né,17
menor,17
principal,17
passando,17
banking,17
importante,17
ir,17
msg,17
cima,17
política,17
durante,17
operações,17
central,17
zero,17
evento,17
atrasei,17
deixa,17
investidores,17
prejuízo,17
linda,17
confiabilidade,17
n,16
dentro,16
aprecio,16
querendo,16
lindo,16
acessar,16
última,16
maravilhoso,16
coisas,16
pontos,16
fico,16
paga,16
financeira,16
aguardando,16
bilhões,16
continue,16
enviei,16
transferência,16
los,16
algumas,16
direito,16
comentário,16
disse,16
sério,16
post,16
vídeo,16
efeito,16
decepção,16
passei,16
fato,16
recebo,16
amigo,16
melhorar,16
chega,15
praticamente,15
transferir,15
entrei,15
en,15
retirar,15
dados,15
primeira,15
nova,15
mal,15
sabem,15
liberou,15
muitas,15
troca,15
semanas,15
esforços,15
boas,15
reclame,15
veio,15
benefícios,15
situação,15
mínimo,15
dm,15
alta,15
estado,15
milhões,15
número,15
opinião,15
fácil,15
irei,15
brasileiro,15
ruas,15
anuidade,15
sorriso,14
reclamação,14
pedir,14
compartilhar,14
segurança,14
ordens,14
conseguindo,14
oportunidade,14
passa,14
caiu,14
negócios,14
testar,14
momento,14
amo,14
responde,14
sensacional,14
iof,14
dose,14
candidato,14
responder,14
cobrir,14
dizendo,14
interessante,14
passo,14
encerrar,14
longo,14
descaso,14
tiraram,14
sala,14
horas,14
deveriam,14
telefone,14
precisar,14
prazer,14
exemplo,14
risco,14
my,14
feita,14
respeito,14
brincadeira,14
grupo,14
segunda,14
lucros,14
somente,14
senhora,13
amigos,13
vejo,13
disponível,13
quais,13
inicial,13
diminuiu,13
honestidade,13
sentir,13
dúvidas,13
informação,13
day,13
últimas,13
indicação,13
realidade,13
parceria,13
liberar,13
palavras,13
inter,13
surpresa,13
conseguiu,13
questão,13
apoia,13
alvo,13
atenção,13
merece,13
d,13
problema,13
débito,13
interesse,13
informar,13
abre,13
aumentar,13
atualização,13
serviços,13
programa,13
diferente,13
negócio,13
custódia,13
tantas,13
esquerda,13
poderiam,13
kkkk,13
digo,13
pensando,13
medo,13
américa,13
ponto,13
cuidado,13
gostei,13
cdi,12
indico,12
devido,12
olá,12
data,12
conteúdo,12
seguir,12
más,12
ganha,12
financeiro,12
acima,12
bitcoin,12
querer,12
pegar,12
elevar,12
trazer,12
normal,12
aparece,12
rico,12
bloquearam,12
perdi,12
apresentado,12
função,12
deixou,12
tarde,12
golpe,12
portabilidade,12
três,12
prazo,12
decepcionado,12
homem,12
realizar,12
aprovação,12
mandar,12
seguro,12
agradeço,12
exatamente,12
trade,12
final,12
pedi,12
email,12
funciona,12
investidor,12
passada,12
mande,12
papeis,12
ideia,12
cobrança,12
it,12
fim,12
poucos,12
fã,12
oi,12
dei,12
acreditar,12
passou,12
felicidade,11
maioria,11
ministro,11
invés,11
cobra,11
migrar,11
respondem,11
feio,11
atendente,11
péssima,11
resultado,11
abertura,11
pensa,11
etc,11
maiores,11
amor,11
abençoe,11
fechar,11
acontecendo,11
gasto,11
usei,11
retirada,11
avisar,11
legal,11
atitude,11
morning,11
explicação,11
ligar,11
operar,11
be,11
meio,11
ajudou,11
decisões,11
alô,11
impossível,11
período,11
números,11
mandaram,11
baixo,11
rua,11
relacionamento,11
completamente,11
podemos,11
gosto,11
própria,11
começou,11
disseram,11
mão,11
traz,11
investe,11
aplicação,11
celular,11
errado,11
sequer,11
comente,11
único,11
finanças,11
claro,11
encontrar,11
mãos,10
sac,10
basta,10
movimentação,10
dessas,10
gerar,10
positivo,10
dólar,10
livre,10
atendentes,10
negociação,10
nível,10
direto,10
santa,10
lamentável,10
principalmente,10
sai,10
obter,10
agradecer,10
nota,10
variável,10
score,10
têm,10
única,10
digitais,10
futuro,10
redes,10
instagram,10
reduziu,10
extremamente,10
baixaram,10
gastos,10
tb,10
palhaçada,10
partir,10
precisam,10
call,10
voltar,10
vence,10
noite,10
deste,10
reduzido,10
frear,10
bb,10
spread,10
mostra,10
triste,10
trata,10
produto,10
detalhe,10
negociei,10
decidi,10
histórico,10
fonte,10
liberam,10
gostava,10
usa,10
votar,10
papel,10
lamento,10
senha,10
sabia,10
reduzindo,10
falam,10
negociar,10
opções,10
sonho,10
cashback,10
reclamações,10
significa,10
inegáveis,10
tempos,10
desta,10
galera,10
your,10
tirou,10
negativo,10
tambem,10
manda,10
tiram,10
espera,10
entra,10
saldo,10
corrente,10
iniciativa,9
continuarei,9
amanhã,9
baixa,9
dor,9
pedindo,9
palavra,9
encontra,9
chamado,9
diária,9
benefício,9
liquidez,9
transformou,9
conversa,9
piada,9
vip,9
diminuindo,9
recebeu,9
acabou,9
entenda,9
chave,9
olhar,9
cobram,9
in,9
aguardo,9
brasileiros,9
reeleito,9
sinto,9
el,9
econômica,9
caro,9
satisfeito,9
responsabilidade,9
podia,9
alocação,9
vive,9
conflito,9
necessário,9
cadastro,9
entendo,9
buscando,9
fluzão,9
proposta,9
criar,9
culpa,9
viagem,9
baixou,9
campanha,9
responderam,9
aonde,9
chamar,9
próximo,9
falaram,9
all,9
devo,9
confiável,9
trabalha,9
trocar,9
desrespeito,9
ex,9
acreditei,9
prévio,9
salário,9
research,9
lado,9
complicado,9
chance,9
conseguem,9
resolução,9
operação,9
resultados,9
aprender,9
confio,9
transferi,9
faltou,9
puder,9
cuidar,9
água,9
tento,9
esteves,9
bosta,9
faltando,9
maravilhosa,9
cancelei,9
ganhou,9
feira,9
começa,9
milionário,9
posição,9
voto,9
testemunhar,9
inspiração,9
precisamos,9
sexta,9
pensei,9
levar,9
especial,9
jamais,9
with,9
encerrando,9
diversas,8
ted,8
pai,8
envio,8
maneira,8
fiis,8
manter,8
prefiro,8
faça,8
vencimento,8
assistir,8
pena,8
deixaram,8
turno,8
palestra,8
cheio,8
safra,8
segue,8
presidiário,8
ganho,8
solicitei,8
quão,8
precisando,8
bastante,8
loja,8
viu,8
intenção,8
cobrando,8
utilizar,8
venda,8
fique,8
parar,8
subir,8
resolve,8
confiar,8
tava,8
acompanhando,8
patrocina,8
atrás,8
invisto,8
diminui,8
movimentar,8
minutos,8
restaurar,8
ódio,8
kkkkkk,8
olho,8
si,8
compras,8
certa,8
criaram,8
fecha,8
gostando,8
justiça,8
legítimo,8
animado,8
andré,8
live,8
vota,8
contrário,8
marketing,8
prática,8
efeitos,8
iria,8
tiro,8
tende,8
pagas,8
recebendo,8
abraço,8
honra,8
devem,8
fundos,8
continua,8
verdadeiro,8
bolsa,8
referência,8
incompetência,8
eternamente,8
cruz,8
tornou,8
consumidor,8
fraude,8
saques,8
tesouro,8
interesses,8
começando,8
desbloqueio,8
torna,8
ridículo,8
hein,8
objetivo,8
cidade,8
comunicação,8
atual,8
constrangimento,8
cabeça,8
more,8
sociais,8
dificuldade,8
curso,8
técnica,8
atrativo,8
concorrente,7
possibilidade,7
experimentei,7
aumenta,7
instituições,7
reduzir,7
mensagens,7
sentido,7
abaixaram,7
desses,7
casos,7
con,7
vítima,7
ladrão,7
aconselho,7
credito,7
pague,7
profissional,7
reduz,7
gastar,7
critérios,7
juntar,7
danos,7
cadeia,7
ciro,7
dica,7
irá,7
anda,7
conseguiram,7
cmg,7
estratégia,7
funcionário,7
recomendação,7
eleição,7
deixando,7
abrindo,7
analistas,7
falou,7
rever,7
ganhando,7
oferece,7
saiu,7
compromisso,7
escolhi,7
venha,7
apoiando,7
dívidas,7
provavelmente,7
empurrando,7
últimos,7
conhecer,7
transparência,7
acaba,7
chato,7
tarcisio,7
on,7
atendido,7
havia,7
vender,7
teatro,7
perderam,7
abra,7
ficam,7
unificar,7
finalmente,7
vende,7
reconhecimento,7
fujam,7
parcelas,7
crescimento,7
mesmos,7
trás,7
entende,7
foco,7
aplicações,7
façam,7
visão,7
fantástico,7
solucionar,7
decepcionada,7
bando,7
dono,7
relatórios,7
solicitação,7
internet,7
úteis,7
população,7
nisso,7
antigo,7
utilizo,7
this,7
imagina,7
quiser,7
falha,7
coloca,7
online,7
queremos,7
acessoria,7
rentabilidade,7
aporte,7
banqueiros,7
tal,7
chegando,7
robô,7
dicas,7
vídeos,7
quis,7
salvou,7
esperar,7
quantia,7
dividendos,7
roubar,7
eleitoral,7
cedo,7
sr,7
cair,7
olhada,7
cai,7
falei,7
oportunidades,7
acham,7
valeu,7
vê,7
oficial,7
nubank,7
pergunta,7
colocando,7
liga,7
admiro,7
tomem,7
cpf,7
liguei,7
parei,7
financeiramente,7
bandeira,7
aplicativos,7
criptomoedas,7
lira,7
corre,7
marca,7
ia,7
fluzao,7
afirmou,7
força,7
disso,7
procurando,7
área,7
comentar,7
breve,7
diminuição,7
zerado,7
literalmente,7
fixa,7
comentarista,7
cdbs,7
líder,6
mudança,6
aula,6
btgpactual,6
geral,6
notificação,6
feitas,6
justificativa,6
oferecer,6
trouxe,6
carteiras,6
novos,6
educação,6
explica,6
fechamento,6
vendo,6
juntos,6
poucas,6
lugares,6
cancelando,6
comprometida,6
abaixo,6
continuo,6
padrão,6
possamos,6
devolvam,6
disparando,6
ligação,6
morais,6
inscrição,6
consta,6
diferença,6
las,6
mídia,6
corretoras,6
chora,6
mudaram,6
devolver,6
espaço,6
exterior,6
postura,6
tirando,6
serve,6
parem,6
zerar,6
pagam,6
devedor,6
acordo,6
sumiu,6
demorou,6
chamei,6
reserva,6
plano,6
recomenda,6
stop,6
negativa,6
platinum,6
deixei,6
privado,6
tomar,6
ouvidoria,6
enviado,6
gera,6
liberaram,6
iriam,6
milhares,6
lci,6
investiu,6
meia,6
patrocinar,6
bandido,6
referente,6
mostrar,6
gentileza,6
parceiros,6
ameaçar,6
lista,6
encerrei,6
if,6
costas,6
poxa,6
umas,6
eterno,6
apesar,6
patrimônio,6
começo,6
senhor,6
daqui,6
roubado,6
possuo,6
políticos,6
conhecimento,6
eua,6
eh,6
imaginar,6
informaram,6
embora,6
now,6
ouvir,6
missionária,6
nele,6
títulos,6
metade,6
escritório,6
responsável,6
interessado,6
im,6
acontece,6
condição,6
got,6
absolutamente,6
tornar,6
apareceu,6
atrair,6
who,6
destrói,6
freio,6
ficando,6
concordo,6
câmbio,6
kkkkkkkkk,6
bolso,6
ajudando,6
descobri,6
procurar,6
fase,6
demora,6
solicitar,6
último,6
amanda,6
participar,6
opera,6
arrisquei,6
sacar,6
imagine,6
pagou,6
estarei,6
encontrei,6
investidos,6
good,6
virou,6
are,6
método,6
pj,6
terça,6
recomendações,6
vivo,6
c,6
isenção,6
feedback,6
acontecer,6
pagamentos,6
investido,6
pequena,6
mãe,6
tantos,6
partiu,6
kk,6
azul,6
fé,6
thanks,6
promoção,6
voces,6
assessora,6
prejudicial,5
adianta,5
apoiar,5
jerson,5
quatro,5
movimentando,5
crise,5
jornada,5
percentual,5
acha,5
massa,5
incluindo,5
tela,5
acabar,5
remédio,5
versão,5
conte,5
lca,5
print,5
prefeito,5
mi,5
agro,5
kkkkkkkk,5
primo,5
metáfora,5
estaria,5
estagiário,5
contratar,5
levou,5
unir,5
itaú,5
muda,5
preso,5
ajustar,5
much,5
garantia,5
vamo,5
viva,5
pacote,5
gratidão,5
virar,5
indicações,5
entrou,5
that,5
emprego,5
td,5
atraso,5
solicitada,5
previsão,5
precisava,5
coloquei,5
perdeu,5
agr,5
louco,5
curto,5
planejamento,5
canais,5
sra,5
obras,5
cartao,5
salas,5
ocorreu,5
igualada,5
ma,5
mastercard,5
plataformas,5
evitar,5
talvez,5
presta,5
preparando,5
documento,5
cobrado,5
apps,5
esforço,5
financiamento,5
impressão,5
registrar,5
atende,5
cerca,5
completa,5
invasão,5
whatsapp,5
judicial,5
been,5
tendência,5
john,5
protocolo,5
vinculado,5
cobrar,5
insatisfeita,5
gratuita,5
percebi,5
assumir,5
acompanhar,5
serem,5
acompanho,5
tanta,5
work,5
digio,5
parabens,5
orientação,5
grana,5
condenado,5
eficiente,5
fornece,5
estorno,5
futebol,5
sabendo,5
definitivamente,5
forte,5
insta,5
verificar,5
aumentam,5
un,5
baita,5
respondi,5
sócios,5
tirei,5
guerra,5
efetuar,5
vontade,5
imagem,5
corrupção,5
seriamente,5
fluuu,5
programação,5
liberdade,5
mentira,5
completo,5
sinceramente,5
buscar,5
resolvido,5
aprovar,5
saque,5
notícias,5
informou,5
burro,5
engraçado,5
chegar,5
legítima,5
oq,5
comercial,5
discussões,5
fii,5
paulinho,5
liberarem,5
surgem,5
acredita,5
documentos,5
quantos,5
gosta,5
cade,5
comece,5
vista,5
alteração,5
péssimos,5
mensalidade,5
felizmente,5
saf,5
continuam,5
aceita,5
enviou,5
recebido,5
made,5
was,5
saiba,5
rápido,5
tentativas,5
perda,5
altos,5
dispostos,5
obg,5
ate,5
has,5
depósito,5
profit,5
horário,5
entradas,5
saco,5
internacional,5
estará,5
rumo,5
libera,5
base,5
ceo,5
caras,5
ajudem,5
ficará,5
freia,5
má,5
gestão,5
eventos,5
abram,5
pv,5
pau,5
cachaceiro,5
reclamei,5
aproveitar,5
gado,5
sigo,5
recuperação,5
magalu,5
invista,5
recuperei,5
ar,5
mandou,5
bloqueia,5
clube,5
bloqueado,5
mito,5
ligações,5
bold,5
reduzem,5
saudades,5
colateral,5
posts,5
prédio,5
ouvi,5
cancelada,5
resolveram,5
joga,5
perfeito,5
tmj,5
pede,5
ok,5
nacional,5
analogias,5
ativo,5
colocaram,5
séria,5
rs,5
desisti,5
instabilidade,5
cores,5
elogio,5
papo,5
ler,5
oque,5
entendi,5
santander,5
terceira,5
debates,5
comprem,5
enviaram,5
tomarem,5
iniciando,4
aparecer,4
vim,4
aguarda,4
perdido,4
conosco,4
rodrigo,4
ensinar,4
alocar,4
bloqueada,4
caixa,4
aberta,4
apresenta,4
tenso,4
social,4
from,4
titular,4
adoro,4
nessas,4
tranquilidade,4
leis,4
oficio,4
ha,4
ouvidos,4
sp,4
canal,4
parecer,4
stress,4
agir,4
teste,4
profissionais,4
trazendo,4
esclarecer,4
aparecendo,4
recentemente,4
ativação,4
rsrs,4
biometria,4
dólares,4
segui,4
termos,4
l,4
arrependimento,4
satisfação,4
confessar,4
alterar,4
seguindo,4
assessores,4
comprou,4
design,4
bug,4
diversos,4
fiquem,4
pensar,4
incríveis,4
vidas,4
resolveu,4
matéria,4
pedem,4
trava,4
fiel,4
tamo,4
respeitam,4
torcida,4
ouro,4
resolvem,4
knew,4
notícia,4
urgência,4
papai,4
desbloquear,4
nense,4
empresarial,4
puta,4
fluu,4
lógico,4
ninguem,4
votos,4
woman,4
crescer,4
analisando,4
melhora,4
tao,4
cancelamento,4
usuários,4
graça,4
ativar,4
tratam,4
prévia,4
experiências,4
importa,4
longe,4
amazing,4
an,4
amar,4
sacanagem,4
ever,4
testemunho,4
could,4
mesa,4
cidadão,4
ressarcir,4
máximo,4
trades,4
escolher,4
irmão,4
particularmente,4
conto,4
bancária,4
monte,4
gráficos,4
empréstimos,4
empreendedor,4
detalhes,4
recursos,4
sinceridade,4
travada,4
desejar,4
novas,4
manhã,4
parado,4
how,4
tenta,4
impossibilitado,4
cobertor,4
posições,4
estás,4
es,4
usam,4
críticas,4
sie,4
tc,4
julgamento,4
mantém,4
entrevista,4
atrasado,4
sinalizado,4
ué,4
conceito,4
terceiros,4
metas,4
am,4
bacana,4
divulgar,4
roubou,4
dívida,4
abril,4
média,4
surreal,4
passado,4
estao,4
gasolina,4
gás,4
certinho,4
irão,4
aprovado,4
funcionários,4
correr,4
google,4
presidência,4
baixando,4
corruptos,4
publicar,4
indo,4
adicionais,4
like,4
conforme,4
instruções,4
retira,4
zera,4
falso,4
ferramenta,4
comenzar,4
funções,4
al,4
educado,4
postagem,4
abro,4
poste,4
estoy,4
montar,4
soube,4
frase,4
desconto,4
enganosa,4
stf,4
gigante,4
virtual,4
vir,4
ciência,4
siga,4
deixo,4
deixe,4
alternativas,4
geralmente,4
conheço,4
analista,4
senso,4
recomendou,4
layout,4
realizada,4
possui,4
mandam,4
tebet,4
eleições,4
comentario,4
leva,4
guinada,4
verdadeira,4
juiz,4
ah,4
regras,4
pandemia,4
mitu,4
antecipado,4
tranquilo,4
chamada,4
nordeste,4
criados,4
lê,4
musa,4
margem,4
demanda,4
cortaram,4
intuito,4
daí,4
claramente,4
encontro,4
excluir,4
obrigar,4
consideração,4
people,4
disposição,4
ae,4
indignada,4
tradicionais,4
interessantes,4
orçamento,4
encerrada,4
perto,4
conheci,4
busco,4
fome,4
choro,4
segura,4
carta,4
alcançar,4
peguei,4
procurei,4
oferecem,4
convite,4
esperança,4
tendem,4
nojo,4
seguros,4
apoio,4
regular,4
dura,4
procon,4
first,4
preocupar,4
just,4
inteligência,4
sabemos,4
nfts,4
ótimas,4
sementes,4
atendem,4
ética,4
jesus,4
tira,4
uau,4
endereço,4
acreditava,4
trabalhador,4
fake,4
facial,4
beneficiei,4
justamente,4
abriu,4
terem,4
pontuação,4
propriamente,4
progressos,4
perca,4
dedos,4
indiquei,4
paciência,4
coração,4
bela,4
bater,4
pátria,4
eleitor,4
impressionado,4
indicar,4
aplicar,4
posicionamento,4
eleva,4
colaterais,4
genial,4
análises,4
sinal,4
passarem,4
drasticamente,4
estudar,4
arca,4
governantes,4
traders,4
inspira,4
filho,4
tomando,4
natura,4
abaixou,4
indiretos,4
calculadora,4
estarem,4
sigilo,4
prejudicando,4
controle,4
ali,4
pedido,4
revisão,4
jogo,4
escritórios,4
conselhos,4
inúmeros,4
integração,4
tire,4
pega,4
integrar,4
ficaria,4
love,4
desistir,4
justica,4
olhando,4
dilma,4
cenário,4
msm,4
semanal,4
explicando,4
voce,4
diariamente,4
determinado,4
visa,4
gratuitamente,4
have,4
crime,4
recomendada,4
mínima,4
empolgado,4
recomendado,4
saudade,4
alunos,3
acionistas,3
volume,3
deixam,3
recomendando,3
carona,3
perco,3
esquerdista,3
estrutura,3
small,3
conversar,3
construir,3
voice,3
considerável,3
belo,3
café,3
voa,3
ganhos,3
marcar,3
original,3
necton,3
ouve,3
consumo,3
mensal,3
americanos,3
baixam,3
pude,3
but,3
peço,3
inferno,3
pontuar,3
vejam,3
baixar,3
comparado,3
tremendo,3
retiradas,3
coragem,3
preocupação,3
best,3
mestre,3
recomendadas,3
bloqueou,3
prometem,3
superiores,3
oferecendo,3
sugestão,3
urgente,3
carinho,3
diferentes,3
pediram,3
apagaram,3
lembrando,3
farei,3
negado,3
transferido,3
enquete,3
wise,3
puro,3
kkkkkkk,3
passaram,3
humilde,3
quebra,3
wanessa,3
filhos,3
felipe,3
anualmente,3
petista,3
travando,3
governos,3
travaram,3
venezuela,3
pqp,3
abusiva,3
botar,3
ocorrência,3
colegas,3
buaiz,3
acionar,3
obra,3
custo,3
julho,3
alertar,3
processar,3
citado,3
indicava,3
atrasar,3
venho,3
recebemos,3
troque,3
cursos,3
gigantes,3
rapaz,3
podcast,3
abaixam,3
queriam,3
boletim,3
acreditem,3
morte,3
manipular,3
linhas,3
relacionado,3
carmelo,3
mg,3
cresceu,3
deixem,3
condições,3
rouba,3
movimentações,3
apagar,3
automaticamente,3
colocou,3
modalidade,3
gabriel,3
exceto,3
prejudica,3
somatório,3
thank,3
diário,3
assunto,3
informando,3
dividas,3
caminho,3
pensamento,3
mentalidade,3
fornecer,3
correto,3
bacen,3
rende,3
mencionei,3
mel,3
conforto,3
coloco,3
ameaçando,3
planejar,3
inteiro,3
seis,3
familiares,3
respostas,3
empreendedores,3
elite,3
comentou,3
saúde,3
inacreditável,3
ganhe,3
investment,3
pagamos,3
flávio,3
china,3
estimula,3
talk,3
pessoalmente,3
conquista,3
than,3
making,3
rewards,3
reforma,3
insatisfeito,3
reembolsos,3
dale,3
baratella,3
filha,3
cancer,3
cuidam,3
parcerias,3
usem,3
sao,3
nenseeee,3
talks,3
vinda,3
u,3
explicou,3
adiantado,3
parcelei,3
pós,3
deveríamos,3
provar,3
reaping,3
centavo,3
orientou,3
impressionada,3
idosos,3
postei,3
her,3
sentindo,3
perseguindo,3
tópico,3
portas,3
fear,3
osso,3
surpreso,3
mini,3
levaram,3
trabalhando,3
alerta,3
pudesse,3
judiciais,3
medidas,3
estranho,3
rombo,3
instead,3
faith,3
act,3
decided,3
oferta,3
usado,3
imposto,3
cinco,3
adm,3
su,3
interno,3
cria,3
inúmeras,3
reconhecer,3
negociando,3
glória,3
sofrendo,3
zeram,3
perfis,3
zoom,3
retrocesso,3
omissão,3
gastando,3
impacto,3
dever,3
will,3
olhei,3
corretamente,3
educador,3
sob,3
f,3
vendendo,3
cabe,3
levam,3
orientações,3
debitaram,3
duvido,3
gratificante,3
millones,3
furada,3
sistemas,3
terminar,3
sonhos,3
contraparte,3
bola,3
niños,3
ucrania,3
prejuízos,3
sucatear,3
junho,3
compradas,3
polícia,3
loss,3
ñ,3
conjunta,3
fera,3
open,3
renovação,3
longa,3
li,3
quantas,3
venham,3
prêmio,3
adiantar,3
importantes,3
desculpas,3
orgulhoso,3
vagabundos,3
procure,3
ligo,3
fontes,3
apto,3
tomam,3
organizar,3
convidados,3
governador,3
avaliar,3
alegando,3
linha,3
agilidade,3
agregar,3
série,3
acorda,3
devolve,3
indústria,3
profitpro,3
caia,3
cor,3
travou,3
inadmissível,3
enviadas,3
cheia,3
conselho,3
compostos,3
porquê,3
soluções,3
atender,3
transmissão,3
reclamando,3
comprovante,3
saírem,3
recebe,3
x,3
è,3
nove,3
odeio,3
diga,3
urnas,3
outubro,3
tratar,3
micro,3
sugiro,3
lucrar,3
adorei,3
dividir,3
chateada,3
preocupado,3
prejudicar,3
v,3
vindo,3
liberado,3
vao,3
club,3
ajude,3
desgoverno,3
conduta,3
mudo,3
pé,3
vencer,3
aumentou,3
empresta,3
cento,3
honesto,3
conversando,3
saw,3
apresentou,3
neles,3
acessória,3
previdência,3
aceitou,3
reconhece,3
gerenciamento,3
ativa,3
nomes,3
relatório,3
planos,3
una,3
fale,3
envergonhado,3
anúncio,3
majoritário,3
sócio,3
reclamar,3
comentarios,3
antecipar,3
pedro,3
fechei,3
banquinho,3
shopping,3
ofertas,3
world,3
had,3
depende,3
conteúdos,3
would,3
way,3
bco,3
colocam,3
cheque,3
usd,3
rsrsrs,3
very,3
velha,3
negativado,3
envie,3
institutos,3
determinação,3
dragon,3
público,3
direitos,3
modificação,3
din,3
pegou,3
loungekey,3
fiada,3
mandando,3
movimentei,3
mulheres,3
regiões,3
estados,3
dentre,3
atrelado,3
comeram,3
deixado,3
lembro,3
passam,3
fundamental,3
creio,3
proteger,3
divididos,3
individuais,3
confesso,3
atrasa,3
mata,3
nesses,3
aguardar,3
ricos,3
caminhos,3
transformação,3
infinite,3
necessidade,3
regra,3
vencedor,3
lo,3
décadas,3
expressão,3
bandidos,3
falo,3
mirna,3
upgrade,3
comum,3
passe,3
cnpj,3
transtorno,3
simulação,3
aai,3
advogado,3
lucrando,3
corte,3
ligado,3
continuará,3
ineficientes,3
master,3
imediato,3
federal,3
negrito,3
encobtra,3
prejudicam,3
erronea,3
interpreta,3
incompetente,3
cadastrar,3
utilização,3
acreditamos,3
multidão,3
aniversário,3
tampa,3
dignidade,3
próprias,3
arminha,3
petistas,3
devendo,3
altas,3
estrangeiro,3
material,3
nominalmente,3
liberal,3
constava,3
desculpe,3
consequência,3
compliance,3
ó,3
toma,3
droga,3
estragar,3
sabedoria,3
mit,3
especialista,3
automático,3
mente,3
ilimitados,3
gráfico,3
variante,3
recarga,3
precisei,3
up,3
frequência,3
mto,3
causar,3
esposa,3
desastre,3
quesito,3
divulga,3
after,3
semente,3
tricolor,3
mete,3
torcedores,3
evidente,3
openfinance,3
partido,3
compartilhamento,3
esquecer,3
erraram,3
andre,3
curva,3
instabilidades,3
diria,3
achar,3
ambiente,3
instável,3
beleza,3
gomes,3
manutenção,3
pregão,3
antecipei,3
foda,3
andei,3
mantei,3
video,3
patrocinador,3
penso,3
cancelo,3
bonito,3
início,3
porem,3
melhorias,3
avião,3
confiem,3
turma,3
apreço,3
físico,3
quarta,3
ambiental,3
errada,3
lava,3
políticas,3
sete,3
crescendo,3
corpo,3
investem,3
caráter,3
vistas,3
conseguia,3
vá,3
controlar,3
concorrência,3
atualizações,3
cancelado,3
informe,3
arrependo,3
personalidade,3
modelo,3
dr,3
feriado,3
home,3
never,3
decidir,3
escolha,3
pronto,3
categoria,3
torcendo,3
fere,3
vantagem,2
gato,2
correntista,2
aplicado,2
chamam,2
eleitorais,2
ótica,2
probabilidade,2
tremenda,2
constantemente,2
adicionarem,2
amoooor,2
contem,2
monstro,2
rendendo,2
paguem,2
dez,2
relevantes,2
corrigimos,2
ola,2
maldita,2
mobiliar,2
marçal,2
milhoes,2
engano,2
rasteira,2
cortam,2
escrito,2
diretamente,2
impostos,2
consulta,2
pesquisar,2
indicarei,2
dou,2
eventualmente,2
fantástica,2
pequenos,2
apostar,2
julgam,2
corra,2
garanto,2
envia,2
lidar,2
aceitável,2
jurídica,2
respondam,2
disponibilizar,2
blá,2
comecem,2
say,2
contratando,2
paid,2
retornam,2
pesquisem,2
aparecem,2
importância,2
indica,2
arriscado,2
quinto,2
profundidade,2
estúpido,2
comportamento,2
topp,2
planta,2
dobro,2
desejo,2
sexto,2
habilitar,2
revista,2
votarei,2
jair,2
classe,2
recessão,2
indicado,2
consultado,2
pr,2
condiz,2
negociación,2
guardando,2
devolva,2
dúzia,2
próximas,2
normalmente,2
operacional,2
primeiramente,2
relatar,2
golpistas,2
cadastrada,2
permiti,2
expor,2
coloque,2
específico,2
atividade,2
percebo,2
und,2
paiffer,2
espírito,2
postagens,2
empreendedorismo,2
ignorar,2
caio,2
essencial,2
antecipadas,2
volto,2
orgulhosa,2
receita,2
termo,2
prioridade,2
win,2
rlp,2
priorizar,2
ativado,2
falava,2
lucrativa,2
imóveis,2
define,2
organizada,2
vermelha,2
precisaria,2
loungkey,2
quantidade,2
entrando,2
avisado,2
corretor,2
critério,2
serasa,2
anterior,2
kara,2
controles,2
sumir,2
coletivo,2
seguradora,2
senão,2
cuidando,2
botou,2
adiantou,2
época,2
secreto,2
dano,2
marcus,2
diminuem,2
fmp,2
descaradamente,2
jaja,2
abraços,2
independência,2
is,2
tendenciosas,2
endividado,2
sincero,2
transparente,2
desbloqueado,2
independente,2
pensam,2
vdd,2
saia,2
btc,2
constrangida,2
ruins,2
canalhas,2
leve,2
escolhem,2
moral,2
admiração,2
derrota,2
comemorar,2
tomadas,2
frustração,2
atendimentos,2
diferenciada,2
prisão,2
zerou,2
ms,2
garmin,2
equivalente,2
leo,2
viver,2
retornou,2
puede,2
compromissos,2
sus,2
levado,2
christopher,2
devolvido,2
segundos,2
reflete,2
contactar,2
voltando,2
reunião,2
agindo,2
verificaram,2
reembolsaram,2
unirme,2
ganancias,2
pueden,2
derrotado,2
sujeira,2
dinero,2
favorecido,2
confia,2
unirse,2
chatac,2
privilege,2
shows,2
ungrateful,2
efforts,2
colhendo,2
frutos,2
recognition,2
because,2
breakthrough,2
posted,2
get,2
neoliberal,2
pray,2
recommendations,2
removeram,2
tornei,2
crítica,2
enlace,2
cujo,2
roubando,2
bate,2
grosseiramente,2
gustaría,2
shopee,2
mucho,2
rentable,2
cuando,2
billetera,2
administrador,2
acordou,2
lançar,2
cripto,2
interessados,2
favorito,2
apontam,2
cuenta,2
gano,2
éxito,2
mamata,2
esperaba,2
mis,2
primeros,2
sul,2
boicotar,2
siete,2
días,2
muy,2
criptomonedas,2
lesadas,2
alcançadas,2
recebem,2
mantenga,2
comuna,2
deje,2
ein,2
combustível,2
argentina,2
emocionado,2
oposto,2
receba,2
obtener,2
ahorrar,2
confiable,2
iniciar,2
lógica,2
trocador,2
comercio,2
rápida,2
amam,2
ingênuo,2
achando,2
enjoy,2
inversión,2
assistência,2
noivo,2
esquema,2
mudado,2
patifaria,2
dps,2
provas,2
ligam,2
defendendo,2
imóvel,2
janeiro,2
seres,2
querido,2
únase,2
busca,2
alíquota,2
daria,2
jogam,2
conglomerados,2
nun,2
ultima,2
direitinho,2
seleção,2
salve,2
critica,2
molusco,2
devia,2
recomendaria,2
conhece,2
finalizar,2
simone,2
recibí,2
manteve,2
jogaram,2
faziam,2
confusos,2
usuário,2
questionando,2
maravilha,2
ouvimos,2
sorrir,2
go,2
analisar,2
estude,2
aplaudido,2
faria,2
dizia,2
tens,2
modo,2
hahaha,2
cancelam,2
populacional,2
cenários,2
iranian,2
opiniões,2
sensato,2
utilizando,2
identificar,2
souls,2
fizer,2
comprando,2
surpreendeu,2
pré,2
mst,2
atualizarem,2
son,2
perguntar,2
firme,2
primeiros,2
duro,2
agenda,2
calcular,2
esquerdistas,2
velho,2
babaca,2
chegado,2
adicionar,2
yours,2
aproveitem,2
lulinha,2
levarmos,2
santinha,2
neo,2
prestam,2
leads,2
resumo,2
lead,2
insulto,2
cry,2
custou,2
dai,2
blessings,2
better,2
ansiosamente,2
utilizado,2
mes,2
cumprem,2
possuem,2
negativos,2
capacidade,2
toa,2
entendam,2
pares,2
pararem,2
sangue,2
chorar,2
milagre,2
folha,2
faturando,2
estarão,2
desrespeitosa,2
cambada,2
exercendo,2
câncer,2
residência,2
andas,2
destruição,2
compensação,2
incontáveis,2
recente,2
local,2
cc,2
tamanho,2
estarmos,2
publicação,2
imagino,2
tratamento,2
compactua,2
direi,2
qdo,2
convencido,2
bugs,2
justifica,2
formato,2
antecipação,2
divida,2
viajando,2
águas,2
farinha,2
swing,2
horror,2
abençoar,2
mentiras,2
afinal,2
ignorância,2
dito,2
capaz,2
disponíveis,2
apreciei,2
caderneta,2
pronunciar,2
pronta,2
liberação,2
permitir,2
ido,2
princípios,2
tahan,2
varias,2
imprensa,2
americano,2
cannabis,2
discrimina,2
reduções,2
jeremy,2
focar,2
administradas,2
comparar,2
fórmula,2
perfeita,2
situações,2
princípio,2
contando,2
interessa,2
pobre,2
estabelecimento,2
resto,2
explicado,2
borges,2
complexo,2
comparação,2
sensação,2
aliás,2
lascar,2
gasta,2
lida,2
bank,2
seguem,2
onda,2
pró,2
quinta,2
alfa,2
talento,2
recomendam,2
po,2
senti,2
operadora,2
garantir,2
ensinou,2
back,2
saiam,2
falsas,2
joão,2
dória,2
recomendar,2
reset,2
quadrilha,2
negativar,2
relatos,2
perdem,2
cilada,2
camisa,2
fazerem,2
contatei,2
relato,2
pergunto,2
mentor,2
fakes,2
kd,2
amiga,2
avisa,2
dependendo,2
imobiliário,2
reinvestir,2
destino,2
riscos,2
comunidade,2
turismo,2
qualidades,2
jato,2
ajudo,2
curtir,2
básico,2
casamento,2
salvar,2
prestou,2
causadas,2
warren,2
haverá,2
economizar,2
liderança,2
tornado,2
ciclofaixas,2
virando,2
utilizam,2
give,2
nestes,2
brancos,2
adeus,2
imagens,2
postar,2
can,2
dont,2
cês,2
oh,2
escola,2
crimes,2
formado,2
trading,2
repensar,2
acreditarem,2
desempenho,2
arthur,2
cogna,2
pib,2
exclusiva,2
roubalheira,2
jornal,2
esperei,2
kinvo,2
politica,2
poderá,2
pisicanalise,2
brilhante,2
presença,2
zerando,2
coitada,2
vemos,2
queira,2
morrer,2
ra,2
ve,2
b,2
vinculada,2
acabam,2
apaga,2
alinhadas,2
tv,2
citou,2
objetivos,2
branco,2
comentei,2
acaso,2
telefones,2
inspirador,2
apagando,2
preparado,2
certas,2
dava,2
estimação,2
loucos,2
auxiliar,2
preços,2
workshop,2
convidar,2
moeda,2
comprometimento,2
anunciando,2
amplia,2
trabalhos,2
ca,2
arrumar,2
ataques,2
falência,2
flamengo,2
participam,2
dê,2
estirpe,2
põem,2
acreditando,2
ataque,2
leio,2
adequados,2
quebrar,2
brasileira,2
países,2
elogiar,2
existir,2
contatos,2
sorrisos,2
pateta,2
rostos,2
roi,2
iti,2
souber,2
benéfico,2
days,2
invested,2
científico,2
sonhar,2
pros,2
return,2
ciclo,2
queda,2
doce,2
és,2
cuida,2
histórias,2
humano,2
inteligente,2
beijo,2
privilégio,2
tornaram,2
apreciação,2
acreditou,2
kķkkk,2
btcpactual,2
estabilidade,2
departamento,2
produção,2
atrapalhando,2
vivi,2
irresponsabilidade,2
marcando,2
retirando,2
concurso,2
pô,2
constitui,2
interna,2
porto,2
crescente,2
tú,2
pesquisando,2
ngm,2
demitido,2
hecho,2
chamaram,2
erros,2
ingrato,2
mostrará,2
voltei,2
patricinha,2
impressionante,2
aconselhamento,2
modal,2
fizemos,2
daquela,2
exigir,2
vínculo,2
digno,2
hesitaria,2
financeiros,2
trajetória,2
desenvolvimento,2
administram,2
impulsionar,2
pacientes,2
noel,2
ligou,2
fundamentalistas,2
voltou,2
comprei,2
tomado,2
ethereum,2
desculpa,2
conquistar,2
prioriza,2
chupa,2
simplifique,2
retornos,2
lcas,2
respondeu,2
dolar,2
deem,2
alegam,2
tou,2
namoral,2
analfabeto,2
fintech,2
verificação,2
prs,2
carro,2
avenue,2
entendem,2
mesmas,2
seguinte,2
dado,2
escutar,2
amava,2
aba,2
edição,2
ti,2
técnicas,2
olhos,2
beneficiando,2
menina,2
km,2
malditos,2
finance,2
ficaram,2
apoiou,2
invadam,2
pendência,2
sobra,2
felizes,2
ensina,2
resgatar,2
convidando,2
enviados,2
testei,2
refazer,2
construção,2
potência,2
expressar,2
ambos,2
transação,2
administrativa,2
moça,2
trabalhista,2
novidade,2
encomendada,2
adora,2
puderem,2
privados,2
transformar,2
vamosssss,2
compartilhando,2
escolares,2
vizinhos,2
amigas,2
sogro,2
campinas,2
tranquila,2
determinar,2
g,2
depender,2
mano,2
amablack,2
piores,2
status,2
qr,2
empresários,2
largar,2
acredite,2
envolvidos,2
criança,2
melhorando,2
incertezas,2
fluuuuuu,2
fluuuu,2
aumentos,2
economistas,2
nine,2
marquei,2
cortar,2
mail,2
divulgada,2
ousado,2
recompensas,2
visualização,2
permite,2
influenciando,2
oscilações,2
portfólio,2
bla,2
bastasse,2
discussão,2
apareçam,2
porta,2
cargo,2
life,2
changed,2
globo,2
platform,2
about,2
quilombo,2
lose,2
greatest,2
sinais,2
pensão,2
soltar,2
visualmente,2
salario,2
startup,2
paz,2
apoiadores,2
atualmente,2
saí,2
trabalhei,2
conhecia,2
ficarem,2
escolhas,2
prestes,2
janet,2
lei,2
vs,2
genesis,2
jackson,2
gerentes,2
visualizar,2
inventando,2
econômico,2
prognóstico,2
cortou,2
aceitar,2
trimestre,2
quê,2
relativas,2
indiquem,2
depositado,2
voando,2
going,2
testes,2
tbem,2
meter,2
fazermos,2
atrasou,2
transferindo,2
transparentes,2
tirem,2
começaram,2
guardar,2
nascer,2
moda,2
know,2
covid,2
play,2
add,2
nobre,2
diversificação,2
promoções,2
iremos,2
abertas,2
emocional,2
mensalidades,2
próximos,2
necessários,2
heim,2
cancela,2
arrepende,2
baixei,2
amargamente,2
cotação,2
insatisfação,2
professor,2
its,2
become,2
damos,2
tempinho,2
extra,2
migrei,2
salvo,2
importam,2
administração,2
especialmente,2
dollars,2
tabela,2
utilizei,2
entro,2
compulsória,2
acabado,2
bostas,2
reclama,2
continuem,2
estilo,2
próxima,2
vitórias,2
jogando,2
let,2
solicito,2
verificarem,2
preto,2
protocolos,2
mostram,2
estudo,2
share,2
incomodados,2
intermitência,2
normalizou,2
fgts,2
atualizar,2
fruto,2
agradece,2
popular,2
marido,2
arrepender,2
dormindo,2
avante,2
encerra,2
informa,2
recargas,2
misericórdia,2
mudei,2
tchau,2
colocarem,2
times,2
representa,2
colocado,2
superior,2
afirma,2
zeraram,2
rios,2
vivem,2
gostam,2
companheiros,2
story,2
jornalismo,2
investirem,2
arriscada,2
reembolsado,2
denunciar,2
debitado,2
metodologia,2
enganando,2
entregam,2
entao,2
artigo,2
when,2
socialista,2
esfera,2
atentos,2
fortes,2
moedas,2
competitivo,2
conversão,2
fomentar,2
defesa,2
batendo,2
visita,2
loucura,2
sujo,2
mc,2
isento,2
culpado,2
tentem,2
encontrou,2
escolhe,2
aumentaram,2
milhas,2
extrato,2
audi,2
orientar,2
nega,2
rato,2
ofício,2
destas,2
investiria,2
enorme,2
alheio,2
mercados,2
dragonpass,2
razoável,2
candidatos,2
negaram,2
lamenta,2
preferência,2
recorrer,2
imprevistos,2
usava,2
faltam,2
merecem,2
torno,2
excelência,2
liberem,2
merecido,2
adoraria,2
optei,2
captar,2
respondido,2
contratados,2
concorrentes,2
jovens,2
page,2
dada,2
chamados,2
michael,2
marginais,2
atualidade,2
união,2
querida,2
passssei,2
citados,2
índice,2
escorre,2
decepções,2
meios,2
vivendo,2
disponibilidade,2
gratuitas,2
encerramento,2
honestamente,2
usou,2
afim,2
fevereiro,2
raiz,2
hahahaha,2
bolo,2
porcaria,2
escuro,2
jornalista,2
subiu,2
queiroz,2
encher,2
pertence,2
troco,2
bdrs,2
arrasou,2
reflorestamento,2
consistência,2
investigar,2
efetivar,2
maltrata,2
sol,2
tentativa,2
divulgarem,2
conseguimos,2
baixaria,2
retendo,2
lendo,2
cvm,2
saibam,2
jogar,2
contragimento,2
gustavo,2
iam,2
descontaram,2
esposo,2
inadimplência,2
mudaria,2
deseja,2
tarifa,2
compor,2
prima,2
áreas,2
esqueci,2
reduzidos,2
quebvcs,2
contratado,2
slogan,2
comunicar,2
justa,2
receberam,2
reuniões,2
aprisionado,2
separado,2
caps,2
proteção,2
big,2
want,2
diminuído,2
pass,2
saindo,2
conjunto,2
topo,2
deparei,2
programas,2
apresentar,2
convido,2
sucedido,2
representam,2
dificil,2
membros,2
alguem,2
á,2
familia,2
desenvolver,2
opte,2
braço,2
acionei,2
terras,2
alternativa,2
loez,2
michele,2
conquistas,2
ideal,2
cortados,2
lançado,2
desnecessário,2
cheios,2
patrocínio,2
greenwashing,2
comendo,2
executar,2
numero,2
quebrando,2
esperamos,2
caos,2
sites,2
cadastrei,2
conseguiam,2
procedimentos,2
perdemos,2
derrepente,2
conhecem,2
motivos,2
voltamos,2
pretendo,2
toque,2
comandos,2
direção,2
mantenha,2
desinstalar,2
gostar,2
pouca,2
questões,2
fazia,2
alcance,2
exijam,2
del,2
melhorem,2
amado,2
chefe,2
limpa,2
manipulação,2
centro,2
pediu,2
lixo,2
paraquedista,2
disponibilizado,2
ídolo,2
briga,2
cumpre,2
concluir,2
imaginei,2
automática,2
veja,2
tera,2
becky,2
coloquem,2
stories,2
visibilidade,2
travar,2
bebe,2
opero,2
sequestrado,2
surgindo,2
desmatamento,2
jogou,2
desligaram,2
projetos,2
deja,2
formulário,2
emitir,2
obs,2
aplico,2
parcela,2
correta,2
neve,2
recomendava,2
facilmente,2
pnc,2
queridinho,2
habían,2
pagava,2
mrs,2
recepção,2
youtube,2
asociación,2
assinatura,2
humanitarias,2
financeiras,2
código,2
souza,2
setor,2
grata,2
melhorada,2
causando,2
filosofia,2
códigos,2
ruína,2
enviamos,2
instalar,2
tomada,2
tmb,2
entrevistado,2
nobel,2
donde,2
esquece,2
continúan,2
personas,2
desativaram,2
enxerga,2
votam,2
barato,2
comer,2
mientras,2
apontavam,2
dizemos,1
aparenta,1
convence,1
escroto,1
tirarei,1
aer,1
distribuía,1
útil,1
qualificar,1
esclarecedora,1
cadastra,1
forum,1
appiar,1
assalto,1
possibilitar,1
mínimas,1
segredo,1
xo,1
desvio,1
centavos,1
ciclovias,1
planeta,1
patrocinou,1
asfaltar,1
marlene,1
manifestei,1
computadores,1
bobo,1
instantâneos,1
convidam,1
talentoso,1
inflando,1
lindeza,1
letras,1
vamoooos,1
grateful,1
múltiplas,1
fortunately,1
aff,1
servidor,1
dignos,1
him,1
colocava,1
tragédia,1
equador,1
legado,1
preparo,1
palmas,1
inviável,1
deixará,1
destampando,1
acessam,1
smiling,1
involved,1
getting,1
wow,1
by,1
estruturas,1
libertar,1
mistura,1
today,1
companheirismo,1
metiam,1
democracia,1
confiaveis,1
possuam,1
acostumando,1
indicaram,1
sofreram,1
isolada,1
desafio,1
mangoloide,1
sobrou,1
causou,1
públicos,1
desenvolvido,1
incerramento,1
bixo,1
mantenham,1
restante,1
tijucano,1
prometer,1
tristeee,1
sobrar,1
imprimir,1
teoria,1
youtubers,1
trabalhistas,1
vivemos,1
esconder,1
paralelo,1
físicas,1
pouquinho,1
níveis,1
cofres,1
salariais,1
escolhendo,1
negociado,1
razão,1
adele,1
esquemas,1
desenvolvidos,1
federais,1
métrica,1
idiotas,1
descolados,1
desce,1
mensais,1
argumenta,1
alianças,1
despreparado,1
convencer,1
copom,1
suposta,1
amenizar,1
precisarão,1
acordei,1
ilegal,1
selecionar,1
contraindo,1
fiscais,1
esclareceu,1
integra,1
agricultura,1
agricultores,1
alôôô,1
democrático,1
leveza,1
incrivelmente,1
inevitavelmente,1
ruin,1
foguetinho,1
aeeee,1
mapa,1
macro,1
aquecimento,1
absurdos,1
movimente,1
selfie,1
legitimidade,1
bloquearem,1
ouvia,1
encontrando,1
bcs,1
crescia,1
epoca,1
lavajato,1
porte,1
ouvido,1
clonado,1
mensalao,1
mediante,1
mamavam,1
mencionaram,1
teta,1
ptralhas,1
pedidos,1
anexo,1
aprenda,1
ganham,1
honrar,1
diminuire,1
contam,1
embaixadora,1
enxugando,1
coelhinho,1
vimos,1
sobrinho,1
indicador,1
responsabilizar,1
ligamos,1
consultivas,1
pessoais,1
registrado,1
until,1
everyone,1
sincerely,1
wish,1
rodei,1
exigente,1
máquina,1
reduzirão,1
corretagens,1
aposentadoria,1
clientela,1
fundador,1
postado,1
acreditam,1
ronnie,1
compreensível,1
reformando,1
managing,1
ligue,1
ohh,1
adesivo,1
mire,1
quotas,1
diversifique,1
der,1
encerro,1
ultrapassa,1
trabalhamos,1
since,1
dificuldando,1
lost,1
bendito,1
manual,1
fraco,1
observei,1
fornecem,1
investimos,1
desmonte,1
cidadões,1
baratos,1
tirado,1
votação,1
leveeeee,1
pára,1
mansueto,1
fizessem,1
oppen,1
respostando,1
come,1
rendeu,1
commenting,1
feed,1
limito,1
doing,1
achievement,1
paralela,1
questionar,1
libertação,1
amostral,1
papéis,1
lot,1
chupando,1
facebook,1
corações,1
beijos,1
biblia,1
páscoa,1
things,1
começará,1
entedimento,1
humor,1
stewart,1
brg,1
reflita,1
apoiem,1
atendam,1
compartilhe,1
quisermos,1
espirito,1
nulos,1
saqueamento,1
criador,1
detrimento,1
flow,1
frio,1
abençõe,1
especulativo,1
regem,1
sustos,1
fabrica,1
conseguido,1
defender,1
legalizar,1
decolarrr,1
analfabetos,1
abala,1
enganar,1
raciocínio,1
pastel,1
desenvolvermos,1
endividamento,1
reflexões,1
sólido,1
movimenta,1
leia,1
entendeu,1
cuidadoso,1
procurarem,1
porra,1
pera,1
lixos,1
paletas,1
restinho,1
corridas,1
bairro,1
service,1
convida,1
gerir,1
trying,1
empregadas,1
deixarem,1
safados,1
assistio,1
out,1
ciclista,1
começarem,1
barco,1
conduzido,1
insere,1
promessas,1
aquece,1
piso,1
exceção,1
pleno,1
eleger,1
ocorram,1
supera,1
abaixe,1
requer,1
cresçam,1
rapido,1
informados,1
matam,1
irrelevante,1
prefiri,1
desgraçados,1
yt,1
protegendo,1
inclinado,1
viram,1
megas,1
account,1
sacando,1
ajudado,1
experience,1
equivalência,1
retrair,1
gave,1
vendedores,1
rio,1
inaceitável,1
fria,1
pess,1
desaquece,1
traider,1
computados,1
desestimula,1
ascensão,1
sobe,1
canalnde,1
financeir,1
voltado,1
caindo,1
prepara,1
facilidade,1
entrada,1
merdas,1
cause,1
fará,1
failure,1
happens,1
viraram,1
recolher,1
prêmios,1
publicamente,1
precisaríamos,1
divergente,1
enganadores,1
cadernetas,1
goals,1
ambitious,1
vendidas,1
fechadas,1
manager,1
mica,1
desviado,1
godoy,1
presidenre,1
mentirosos,1
ana,1
telefonar,1
cortarem,1
estatização,1
geminiana,1
responsabilização,1
necessito,1
religiosamente,1
roubo,1
cuba,1
towards,1
artística,1
participaram,1
ficalize,1
encaminhado,1
quebrou,1
descumprimento,1
chamando,1
preferido,1
other,1
externa,1
transformada,1
desacata,1
deixamos,1
exportadores,1
comodites,1
care,1
custas,1
caminhada,1
nus,1
hahag,1
his,1
dicidas,1
pense,1
integral,1
parabenizar,1
contratadas,1
eleitos,1
desinstalei,1
linkedin,1
bati,1
dizes,1
adivinha,1
carpir,1
vassalo,1
quintal,1
olhado,1
ursupadores,1
prrcisamos,1
armado,1
pegarem,1
tentanos,1
desmascarar,1
pa,1
contrario,1
diamante,1
estanos,1
vendas,1
vagabunda,1
provou,1
negro,1
saquearam,1
rezem,1
enganação,1
cdc,1
constranger,1
nadaram,1
amizade,1
braços,1
omitir,1
lixoooo,1
abertos,1
peste,1
mortos,1
manchada,1
valsa,1
cod,1
civil,1
tigre,1
serenata,1
cama,1
falindo,1
ahh,1
catar,1
doriana,1
esperam,1
escrevem,1
julgue,1
tornando,1
demitiram,1
pendurado,1
financiou,1
palhaço,1
riquíssima,1
zombou,1
entrarem,1
decepcionante,1
porrs,1
créditos,1
deserção,1
facil,1
movido,1
integrantes,1
chuta,1
relatando,1
indício,1
macu,1
fila,1
obtidos,1
arrependeu,1
confere,1
encaminhar,1
ocultando,1
farsa,1
divergências,1
organismo,1
atravéz,1
entrevistas,1
valer,1
avançamos,1
votem,1
usurpam,1
libre,1
chamamos,1
assusta,1
patriotas,1
conservadores,1
min,1
temer,1
admiram,1
bíblia,1
tristeza,1
convidaram,1
endossam,1
senador,1
ilegalmente,1
ligadas,1
identifique,1
limitedo,1
morre,1
comes,1
amei,1
inventivos,1
redor,1
tecnológico,1
escolhida,1
desenvolvida,1
incentivada,1
rezudir,1
verifique,1
lábios,1
responsáveis,1
culpando,1
escrever,1
carregado,1
digitados,1
incisso,1
cupando,1
magnificent,1
premium,1
inquestionável,1
refere,1
assinei,1
continuidade,1
emails,1
adesão,1
fantoche,1
mandado,1
inspirar,1
brilhantes,1
faturar,1
consentimento,1
snowflake,1
argumentações,1
raddard,1
excedi,1
cena,1
comentado,1
agradecemos,1
atenderam,1
possivelmente,1
achou,1
isolado,1
muuuu,1
desestatização,1
atribuindo,1
alterou,1
acionista,1
lara,1
exerce,1
delss,1
repeti,1
caramba,1
curioso,1
extinguido,1
carai,1
zerem,1
bussines,1
vestem,1
sofisa,1
doria,1
vlzws,1
lambeu,1
nunbak,1
corda,1
cometeu,1
mao,1
criando,1
atualizando,1
cobraram,1
confiando,1
daram,1
garantidos,1
perderá,1
confiei,1
superaram,1
expectativas,1
aconselharam,1
ag,1
reportagens,1
incerto,1
oportunamente,1
alterações,1
resumidas,1
soma,1
normalizado,1
trinta,1
custa,1
postou,1
carretel,1
sacaneada,1
procura,1
economizamos,1
puxando,1
quitar,1
férreas,1
contrária,1
capta,1
rir,1
consórcio,1
entidade,1
pratica,1
aplicaria,1
melhoooor,1
escrevo,1
esperado,1
aprove,1
aplaudir,1
distruindo,1
demonstrou,1
meireles,1
remunere,1
retiram,1
mortal,1
unifiquem,1
avisam,1
antecipou,1
agrega,1
per,1
derrotas,1
parceladas,1
verso,1
veem,1
quaisquer,1
ahahahaha,1
mkt,1
providenciar,1
tiiii,1
adotando,1
merecíamos,1
resgata,1
amamilhas,1
migration,1
auto,1
hehehe,1
bocó,1
beneficiar,1
índole,1
dedicados,1
constrangimentos,1
banqueiro,1
esqueceu,1
concertar,1
zoha,1
avisando,1
empura,1
região,1
empregos,1
investiram,1
inveja,1
short,1
pão,1
compramos,1
carne,1
feras,1
morram,1
negra,1
chocolates,1
optando,1
parceiria,1
vinte,1
textao,1
inovadora,1
retrasada,1
isentando,1
apontando,1
aumentasse,1
posta,1
cultura,1
brilha,1
agradecerá,1
carente,1
harvey,1
forasteiro,1
mentindo,1
abadiaram,1
incomodo,1
transborda,1
sjcampos,1
alugado,1
cunhado,1
patriciasfx,1
afastem,1
brasília,1
noroeste,1
recuperaram,1
gastou,1
escritura,1
intolerância,1
cresceram,1
ambição,1
precariedade,1
dnv,1
totamente,1
duvidar,1
respeitos,1
irrita,1
comissões,1
paulistas,1
universidades,1
concentrada,1
mimimi,1
numbak,1
flls,1
lixooooo,1
retirou,1
encheu,1
promovendo,1
controladores,1
abaixar,1
ensinei,1
bala,1
brenda,1
desentendidos,1
enganosaaaaaaa,1
bjbj,1
saberem,1
bjs,1
srs,1
depôs,1
considerado,1
existência,1
desistindo,1
cartilha,1
merdaaaaaaq,1
sincroniza,1
gerou,1
frutífera,1
infeliz,1
peças,1
almoçar,1
comerciante,1
devoção,1
paulão,1
testou,1
politicalia,1
elemento,1
comprometido,1
migrando,1
adianto,1
besteira,1
permitido,1
midias,1
méritos,1
fi,1
penalizar,1
heheeheh,1
mundooooo,1
bagunçar,1
arrependa,1
subsidiárias,1
energia,1
funcionam,1
luz,1
proprietária,1
erram,1
pf,1
valuation,1
ig,1
pfvr,1
sera,1
desanima,1
cut,1
agradando,1
fitness,1
permanecer,1
off,1
swingtrade,1
horrívelllllllll,1
accessing,1
publicaram,1
restrições,1
sinalizei,1
votei,1
inovando,1
infinitamente,1
lkkk,1
atalhos,1
mágicos,1
realização,1
entregue,1
importações,1
conprovante,1
agrícola,1
shell,1
abastecendo,1
vooolta,1
acontecem,1
pare,1
comentem,1
tradição,1
motivou,1
lupa,1
deside,1
mudando,1
triplicar,1
simbora,1
gradativa,1
atencioso,1
havendo,1
corrigiu,1
boletos,1
seguiu,1
exigindo,1
puxa,1
bechi,1
aloo,1
depoimentos,1
seção,1
baixas,1
derrubada,1
comissão,1
tomei,1
alem,1
acusa,1
refaz,1
noé,1
metrópoles,1
lambendo,1
busquei,1
inicialmente,1
negligenciada,1
aberto,1
qta,1
io,1
sofri,1
hr,1
inventar,1
negam,1
ceder,1
galerinha,1
anunciado,1
quebrado,1
any,1
channel,1
using,1
women,1
acusou,1
debate,1
envolvido,1
satisfeita,1
iran,1
sacaneou,1
imprestimo,1
restrição,1
soluciona,1
referido,1
megs,1
vendedor,1
responsivo,1
praticando,1
gestor,1
indisponível,1
especulação,1
carteirinha,1
tido,1
punição,1
surpreender,1
fidelizar,1
prósperidade,1
join,1
suumiiuuuuuu,1
ajudaria,1
publicações,1
mando,1
procedi,1
saca,1
nojento,1
urgenteeeeee,1
batalhadores,1
veloe,1
devoradores,1
semelhantes,1
destinados,1
viidaaaaa,1
antecedência,1
bota,1
incide,1
normalmemte,1
possuindo,1
revertido,1
reconstruir,1
aderir,1
logicamente,1
tratativas,1
documentação,1
madrugando,1
extorno,1
apresentados,1
garimpar,1
tidos,1
great,1
elegante,1
thiago,1
achae,1
senario,1
utilizarei,1
adicionaram,1
abrirei,1
responsible,1
máfia,1
reconhecem,1
presenciais,1
ahammm,1
falamos,1
constrangerem,1
importuno,1
incluir,1
ícone,1
insight,1
filtros,1
gastronomia,1
corajosos,1
engordou,1
rebanho,1
nonaplicativo,1
encobrir,1
peneira,1
telha,1
bestas,1
notar,1
telegram,1
partindo,1
concessão,1
estuda,1
vencendo,1
saio,1
saudável,1
ᴇᴀʀɴ,1
coach,1
grama,1
deitado,1
ғʀᴏᴍ,1
login,1
assustei,1
ponho,1
estáveis,1
tornarem,1
identidade,1
banho,1
acessíveis,1
manteu,1
fáceis,1
limiteeeee,1
creditado,1
excluindo,1
apóia,1
burocracia,1
americana,1
descontam,1
intuição,1
prelúdio,1
cíclicos,1
nascimento,1
academia,1
descer,1
robozão,1
mo,1
morro,1
marcação,1
inicialização,1
pre,1
desconte,1
segurando,1
focado,1
lírio,1
lucrei,1
solicitado,1
conhecido,1
comentando,1
desbloqueasse,1
perdir,1
coma,1
excluíram,1
faaase,1
scenario,1
eficaz,1
chaotic,1
solícito,1
we,1
reunidos,1
criminal,1
elect,1
descartados,1
atendida,1
empáticas,1
focadas,1
deparam,1
contrapartes,1
clearing,1
ruinzinhos,1
helped,1
empr,1
atuar,1
estresse,1
fluxo,1
falhas,1
patrry,1
procedo,1
provedora,1
escolho,1
fabuloso,1
falsos,1
centralizada,1
negocia,1
pranchas,1
logomarca,1
retribuir,1
versatilidade,1
agradecendo,1
redigir,1
amplitude,1
inestimável,1
tipos,1
permitiu,1
abrangente,1
primavera,1
jacinta,1
fortune,1
testada,1
complicados,1
diretor,1
endosso,1
estabilizar,1
aposentar,1
imorredouro,1
mencionar,1
decaiu,1
gerenciar,1
abandonei,1
encomendar,1
patrocinarem,1
errou,1
coordenou,1
gaste,1
plantão,1
assessorar,1
latina,1
vereador,1
ecossistema,1
ensino,1
etfs,1
totó,1
caí,1
achava,1
aguarde,1
prol,1
obgda,1
dalhe,1
sente,1
fortalecendo,1
vamuuuuuu,1
lulista,1
vivido,1
cairão,1
cobrem,1
naquele,1
aspectos,1
prosperidade,1
benéficos,1
obtiveram,1
incomparável,1
arrasaram,1
baseada,1
foreign,1
participou,1
clients,1
lied,1
chegarmos,1
apoiaram,1
universo,1
tendenciosos,1
perigosos,1
retornaria,1
duplo,1
gomez,1
creditaram,1
arrasta,1
founders,1
branca,1
precificação,1
falir,1
posicionar,1
abençoou,1
quanta,1
kerry,1
aprisionando,1
canadá,1
utiliza,1
desfaçatez,1
desejei,1
marcas,1
resultou,1
wdo,1
positivamente,1
aproveita,1
oitavo,1
haahhaha,1
fechando,1
conflitos,1
obviamente,1
atuando,1
manifestar,1
acesse,1
mimo,1
molusgo,1
conserta,1
hospital,1
conselheiros,1
desistido,1
chatisse,1
caírem,1
ignoram,1
envolvam,1
representantes,1
coordenação,1
vossas,1
notificações,1
surf,1
acordar,1
tradicional,1
psiquiatra,1
conhecidos,1
posto,1
igor,1
ajudarem,1
recomendarei,1
render,1
levei,1
preocupada,1
imperfeito,1
pesquise,1
conferida,1
aluga,1
andar,1
buscador,1
escolheu,1
iram,1
pires,1
barbosa,1
usaram,1
meirelles,1
curtiu,1
concelho,1
hahahaahaha,1
possuirá,1
disponibilizados,1
virá,1
corajoso,1
beneficia,1
tentado,1
autora,1
compartilhasse,1
privada,1
fraudulento,1
egoísta,1
uhul,1
cancelou,1
cartoes,1
iludir,1
compraram,1
jornalecos,1
arrependi,1
impiricus,1
influenciadores,1
pagarei,1
roubaram,1
indenizatória,1
valia,1
expressivos,1
decidido,1
george,1
manipuladores,1
namastê,1
ganharei,1
microempreendedores,1
confirma,1
existia,1
socialismo,1
transforme,1
gratos,1
vossos,1
luanda,1
incomparáveis,1
encerraram,1
giovanna,1
bomba,1
largarem,1
falcatrua,1
adquiri,1
ímpar,1
golpes,1
alegação,1
falsa,1
destruir,1
abraçaram,1
acessores,1
visando,1
admirado,1
urgentemente,1
luan,1
unidos,1
sérios,1
long,1
demandas,1
surra,1
administradores,1
autorizei,1
debitada,1
formalizei,1
inviabiliza,1
pontuam,1
esfarrapas,1
internacionais,1
nomad,1
cumpram,1
reclameaqui,1
magnífica,1
cumprir,1
prazos,1
ambiciosas,1
deb,1
cativar,1
carbon,1
eleito,1
acabe,1
farra,1
indevida,1
retirasse,1
centralizar,1
milionários,1
cobta,1
gangue,1
limitaram,1
prova,1
tentou,1
treinada,1
responsabilizando,1
piano,1
twitter,1
concentrava,1
verificado,1
atrapalha,1
valozcrypto,1
desespero,1
neh,1
continuei,1
confiamos,1
baptista,1
halle,1
compensa,1
pergunte,1
conclui,1
anteriormente,1
aparentemente,1
relevância,1
considerando,1
debocham,1
colo,1
adotem,1
recurso,1
isentões,1
garotos,1
propagandas,1
queridas,1
temporária,1
casadinho,1
cobtabestar,1
capixaba,1
comunicada,1
estavaa,1
trigo,1
regina,1
judiacial,1
resgatei,1
voar,1
ansiosa,1
ganhand,1
assinado,1
eravtwr,1
desbloqueada,1
motivação,1
cobrou,1
registros,1
apensar,1
registro,1
recuperar,1
fatos,1
referindo,1
vaga,1
irmao,1
transferiu,1
maipriandos,1
defendiam,1
davam,1
metesse,1
valorização,1
ficaremos,1
sairá,1
empreendimento,1
trará,1
torcer,1
primordial,1
equacionada,1
naobse,1
empenho,1
ansiosos,1
iguatemi,1
disponivel,1
prendeu,1
brickell,1
disponibilizam,1
leitor,1
operarem,1
ultravioleta,1
resgate,1
barras,1
resolverem,1
correspondente,1
gte,1
tickets,1
descrescente,1
prometeuo,1
adicionei,1
performance,1
segmento,1
several,1
elegível,1
demaaais,1
confusão,1
amamos,1
consultor,1
tarefa,1
became,1
brasilll,1
brigando,1
payment,1
dt,1
second,1
cá,1
received,1
dream,1
sincerity,1
enfim,1
doubt,1
apology,1
elegibilidade,1
descontinuou,1
pfv,1
update,1
proucipa,1
contamos,1
comprovando,1
investirei,1
desrespeitoso,1
completar,1
preste,1
espeto,1
confirmação,1
ri,1
minhares,1
arco,1
betano,1
denis,1
poise,1
estratosférico,1
corta,1
m,1
bvn,1
oito,1
hehe,1
volte,1
payments,1
nadar,1
naveguei,1
own,1
alegar,1
setembro,1
nóixx,1
reliability,1
gnt,1
cant,1
equated,1
prq,1
manutenções,1
preencher,1
espécie,1
aceitava,1
retiraram,1
voltaremos,1
preparada,1
alterando,1
revolucionar,1
recomeçar,1
quebrei,1
perrengues,1
mereceu,1
espetacular,1
ajustado,1
perguntei,1
empurram,1
bloqueando,1
fraudada,1
funcionar,1
constante,1
preenchi,1
traduzindo,1
darkest,1
aproveito,1
solucionam,1
autorizado,1
previdenciária,1
k,1
ignorado,1
incansáveis,1
ativam,1
explicam,1
restoring,1
happiness,1
desapontado,1
sujei,1
obrigam,1
links,1
migrado,1
during,1
those,1
period,1
analisada,1
falassem,1
prejudicou,1
use,1
surprise,1
operacionais,1
bilhão,1
here,1
emily,1
sozinho,1
corter,1
semdo,1
tênis,1
necessary,1
abaixando,1
beach,1
frisar,1
mobilir,1
sobrando,1
fugir,1
wra,1
apixonada,1
dede,1
general,1
apaixonada,1
ensinamento,1
marcelo,1
public,1
lateral,1
dinheirinho,1
desconfortável,1
pombo,1
gerenciador,1
ajudava,1
profissionalismo,1
comparada,1
between,1
negociasse,1
sonha,1
transaction,1
at,1
antecipada,1
cobrassem,1
jus,1
reposta,1
irresponsável,1
seeing,1
criminoso,1
seguido,1
bissau,1
cabível,1
individamentos,1
abusivos,1
resultando,1
disto,1
espetaculares,1
periodicamente,1
relaxar,1
deemed,1
guiné,1
contribuição,1
otto,1
somado,1
maconha,1
tenebroso,1
guiness,1
canção,1
disparar,1
suffering,1
hesitant,1
hop,1
into,1
glad,1
hell,1
took,1
fixado,1
antecipadamente,1
step,1
convencional,1
week,1
afeta,1
try,1
already,1
course,1
financially,1
itself,1
definitely,1
alugados,1
see,1
altíssimo,1
myself,1
being,1
what,1
truly,1
animada,1
assumi,1
believin,1
chefão,1
absurda,1
dfdgsdf,1
enriquecer,1
baixado,1
depe,1
baixíssima,1
caíram,1
poderoso,1
costumo,1
inscrevi,1
semanalmente,1
them,1
lrimeiro,1
plenamente,1
direita,1
consultoria,1
rolar,1
solucionaram,1
naoyfli,1
postam,1
turbulentos,1
negligenciadas,1
usurpado,1
vsf,1
juntando,1
dedicação,1
sehr,1
carol,1
rss,1
marcuz,1
echt,1
shark,1
tank,1
brasiloficial,1
maiskkkkk,1
jabdesde,1
hesito,1
altamente,1
ist,1
kristina,1
picado,1
legitimen,1
diane,1
paixão,1
einer,1
líquidos,1
aplica,1
inscrever,1
handel,1
caraaaaalho,1
booooooom,1
excelentes,1
verbinden,1
vtnc,1
sich,1
mico,1
bobeira,1
financiei,1
boraaaaa,1
tánto,1
emergência,1
polo,1
localizar,1
kit,1
ajudante,1
verdienen,1
guru,1
dem,1
seguran,1
militar,1
recompensa,1
jersonz,1
beginnen,1
conheceriam,1
ihr,1
breading,1
construiu,1
empreendedora,1
minerar,1
parabenizo,1
brasileiras,1
ihren,1
apoiarem,1
prejudicado,1
company,1
verificada,1
punida,1
órgão,1
zerei,1
conquistado,1
coerente,1
cortado,1
aproximadamente,1
optou,1
diretora,1
investigado,1
endividadas,1
doubts,1
terminou,1
notei,1
always,1
responsibility,1
sense,1
transparency,1
vendendor,1
barca,1
within,1
multas,1
altíssimos,1
homebroker,1
enganem,1
restituir,1
dinheiros,1
encerrou,1
sofá,1
gbr,1
parecia,1
tina,1
receberem,1
gewinnen,1
atendeu,1
ciente,1
coco,1
diretaço,1
hahahahha,1
devida,1
transferiram,1
garantidor,1
escárnio,1
amadorismo,1
fgc,1
retirem,1
isenta,1
pompa,1
tratativa,1
funcionalidade,1
depósitos,1
quitando,1
minuto,1
recordes,1
compartilho,1
edson,1
cearense,1
iolanda,1
acertando,1
verá,1
assisto,1
enventam,1
gostoso,1
deis,1
anexos,1
protocolei,1
autorizacao,1
aluguel,1
denuncia,1
sima,1
qué,1
postão,1
paulista,1
fins,1
fogueta,1
boleto,1
cruzes,1
caderno,1
arrasar,1
competir,1
melhoren,1
transmitem,1
moderno,1
sumiram,1
navegador,1
humanizado,1
requisitos,1
solidez,1
destacado,1
reciprocidade,1
acessora,1
trabalhado,1
russo,1
genocidio,1
rendem,1
ehhehehehehehe,1
homenagem,1
bpac,1
honrado,1
eqi,1
defeitos,1
dda,1
seguidores,1
acrescentaria,1
safira,1
cebaci,1
aprova,1
cancelarem,1
presa,1
idiota,1
fingindo,1
pessimo,1
listagem,1
br,1
pensem,1
diarios,1
professores,1
acertei,1
ouviu,1
abrirá,1
trocentos,1
parcelar,1
anúncios,1
preparar,1
medido,1
retirados,1
demorar,1
solucao,1
zeroooo,1
ocupado,1
funcionou,1
psicológico,1
respondendo,1
filmagens,1
filmagem,1
aloquei,1
botão,1
clicava,1
projetou,1
inteira,1
pertencem,1
preservação,1
deriva,1
ura,1
descontado,1
esquivando,1
alocado,1
liquidação,1
finalizado,1
existisse,1
assumiram,1
deviam,1
reembolsar,1
ajudinha,1
elon,1
ferrar,1
ganharam,1
saímos,1
considerava,1
devolução,1
certificado,1
botando,1
ten,1
uhuuuul,1
agilizar,1
apropriação,1
jaque,1
trabalhadores,1
diaaa,1
toro,1
itau,1
copiar,1
chego,1
chegamos,1
sujeitos,1
trocarem,1
concreto,1
desgastante,1
desdo,1
memorias,1
sofia,1
prolongando,1
executando,1
adoidado,1
desligam,1
fugindo,1
contatar,1
bugar,1
abriam,1
restou,1
preferindo,1
valioso,1
meta,1
bobos,1
respodem,1
fecho,1
escuras,1
descobrimos,1
predileção,1
divulgou,1
probelma,1
entrevistou,1
reeleição,1
esperemos,1
distante,1
dinheir,1
fracionado,1
anderson,1
donos,1
ladrao,1
enganam,1
aprendizado,1
produzido,1
tomamos,1
tombamento,1
enviam,1
financiando,1
aposto,1
hahahahahah,1
aguentaram,1
sinda,1
pesados,1
lacra,1
lucra,1
bno,1
pegaram,1
reuniãozinha,1
riam,1
cálculo,1
removendo,1
anterio,1
firma,1
digitação,1
comprometer,1
enviando,1
inferior,1
simplificando,1
seleciona,1
monta,1
pulo,1
spreeds,1
prestado,1
antiga,1
mapearam,1
disponibilizarem,1
institucionais,1
recém,1
implantada,1
diferenciado,1
vdade,1
mereço,1
coerência,1
distribuidoras,1
demonstra,1
idoneidade,1
competência,1
meuncelular,1
graphico,1
brincando,1
confirmar,1
errar,1
entrevistaram,1
engolir,1
atingir,1
resolvo,1
pura,1
cretino,1
terninho,1
risadinha,1
vantajosos,1
blacks,1
insencao,1
viagens,1
ágio,1
posicionados,1
iguais,1
unlimited,1
lk,1
ilimitada,1
viável,1
guardem,1
tag,1
enquadrar,1
forneceu,1
retorne,1
camila,1
fiscaliza,1
campanhas,1
enganosas,1
inatingível,1
prove,1
traderevolution,1
coretagem,1
ovos,1
lasca,1
tomo,1
utilizados,1
maio,1
envisto,1
colocasse,1
bandeirinhas,1
pendurando,1
dennesmatias,1
optar,1
embalado,1
pudéssemos,1
freguesia,1
permanente,1
comentam,1
excedeu,1
escaneia,1
troço,1
cadastramento,1
duvulgados,1
jogador,1
seguranças,1
transições,1
perderem,1
funcionais,1
emplacar,1
amoooo,1
friend,1
pontua,1
fidelidade,1
notifica,1
dividedos,1
ansioso,1
novidades,1
principais,1
abrirem,1
vire,1
dudu,1
virei,1
buffett,1
recorrendo,1
podendo,1
interrupções,1
sujeita,1
pane,1
oferendo,1
prós,1
cabimento,1
qnd,1
chame,1
vabagundo,1
incentiva,1
emissão,1
va,1
argumentar,1
impedir,1
atualizadas,1
relacionadas,1
passível,1
checagem,1
potenciais,1
eventual,1
voláteis,1
trupe,1
boteco,1
ladrões,1
associados,1
cabeludo,1
desistiu,1
consultar,1
teem,1
possíveis,1
qi,1
cientista,1
prepare,1
hogares,1
han,1
refugio,1
buscan,1
civiles,1
eléctricas,1
centrales,1
servicios,1
org,1
infraestructura,1
considerables,1
daños,1
incluidos,1
víctimas,1
pobladas,1
dañados,1
nuestras,1
obligaciones,1
fondo,1
caridad,1
tenemos,1
miles,1
sin,1
hogar,1
vienen,1
reciben,1
asistencia,1
instalaciones,1
asearse,1
nuestro,1
enfoque,1
nuestra,1
comprovado,1
homer,1
branquinho,1
empreitada,1
continuou,1
usuária,1
correo,1
aún,1
arena,1
descobrir,1
aliados,1
funcionarem,1
rj,1
ffc,1
utilizem,1
exame,1
saída,1
ligaria,1
quemomvão,1
avaliações,1
indusão,1
printei,1
limte,1
aoaga,1
elogiava,1
esperaram,1
caancelando,1
descepção,1
possuiu,1
assinaturas,1
jogada,1
levo,1
retrovisor,1
acertar,1
ipca,1
peçam,1
abriram,1
bronker,1
repetir,1
trabada,1
pag,1
interfaz,1
eletrobrás,1
desatualizada,1
incorretos,1
direcionando,1
gestores,1
gestora,1
jatinho,1
bancam,1
ressarciram,1
oj,1
despreparada,1
datos,1
redundantes,1
vias,1
prosperar,1
presidencia,1
nesaa,1
tendenciado,1
ira,1
prestando,1
parace,1
administrar,1
paralelas,1
correspondem,1
cred,1
exposição,1
funds,1
mensalmente,1
urbanas,1
zonas,1
explosivas,1
apio,1
liderando,1
daytrade,1
eficiência,1
suspeitas,1
cgu,1
descontada,1
dna,1
definitiva,1
mútuo,1
aportar,1
glamouroso,1
vistos,1
pilota,1
guri,1
desanimado,1
oscilação,1
assustador,1
leitura,1
mens,1
opçao,1
cometam,1
influencia,1
qq,1
desmascarada,1
valem,1
furado,1
título,1
cancele,1
repensando,1
militância,1
gwm,1
precisavam,1
seguida,1
armas,1
tratados,1
antigas,1
atualizado,1
válido,1
recusando,1
conseguisse,1
cuide,1
afetados,1
táa,1
tratou,1
seriedade,1
aproveitando,1
gata,1
dispõe,1
informado,1
bebendo,1
comprado,1
vendido,1
mutaaaaaa,1
pular,1
apresentando,1
mexendo,1
prepararmos,1
procurarmos,1
vermos,1
retornaram,1
decepcionando,1
entram,1
sozinhas,1
reagir,1
indignados,1
raiva,1
publica,1
taokey,1
lembrar,1
traumatizados,1
refugiados,1
desesperadas,1
shock,1
están,1
familias,1
violencia,1
profundamente,1
jegue,1
heridos,1
siendo,1
siguen,1
medida,1
multiplican,1
necesidades,1
huido,1
desplazadas,1
tales,1
desplazamientos,1
gran,1
escala,1
podrían,1
tener,1
consecuencias,1
duraderas,1
generaciones,1
huyen,1
también,1
corren,1
mayor,1
riesgo,1
explotación,1
devastador,1
teniendo,1
existiria,1
operei,1
acompanham,1
tendenciosa,1
micto,1
causado,1
avançando,1
traído,1
pobres,1
kkmkkk,1
pisa,1
pisasse,1
juntaria,1
assumido,1
rapidamente,1
continuamos,1
operado,1
cuentas,1
financia,1
cidades,1
capitalismo,1
condizem,1
endereços,1
expulso,1
correndo,1
mglu,1
gostosão,1
palmo,1
coitado,1
vantajoso,1
declaração,1
hacer,1
crtza,1
curti,1
btf,1
oferecido,1
iniciativas,1
enderece,1
curtíssimo,1
compartilhados,1
vips,1
aumentado,1
renegociar,1
fluido,1
acontecido,1
mencionou,1
colega,1
livelo,1
concedem,1
peso,1
est,1
inserido,1
rendimento,1
ultimamente,1
eternidade,1
ressentimento,1
vide,1
percentuais,1
lança,1
orientado,1
aparente,1
cotovelo,1
investback,1
percebido,1
bozo,1
qm,1
uni,1
podesse,1
impecável,1
rejeição,1
travamentos,1
desacelera,1
escalada,1
anuncia,1
aumentando,1
recorrente,1
procuro,1
programou,1
fs,1
gostado,1
bugaram,1
precisarei,1
fds,1
estag,1
funcionasse,1
desaquecer,1
desemprego,1
abrupto,1
malefícios,1
ponta,1
destampa,1
explicações,1
metido,1
lcis,1
maya,1
mulherão,1
dona,1
emocionante,1
embaraça,1
acessei,1
debugger,1
programador,1
celulares,1
hostilizado,1
falhando,1
acessava,1
invencíveis,1
analisei,1
garante,1
exatidão,1
dimensões,1
minimamente,1
orquestrou,1
líquida,1
considerem,1
consciência,1
sã,1
gadominion,1
típico,1
estudarei,1
cenas,1
validade,1
científica,1
alienado,1
exclui,1
cautelosa,1
amostra,1
fração,1
pegarmos,1
inferirmos,1
óbvia,1
corresponderá,1
concreta,1
tampouco,1
servirá,1
afirmação,1
tendendo,1
pay,1
explique,1
comunistas,1
divulgação,1
militante,1
estampar,1
envergonhar,1
atua,1
reeleita,1
consultada,1
imediatamente,1
icms,1
destruiu,1
saqueou,1
conservador,1
exigencias,1
divergentes,1
chinesas,1
nichos,1
estatística,1
participei,1
círculos,1
compartilham,1
condizentes,1
irreal,1
publicada,1
queimando,1
éapoiador,1
argumento,1
burrice,1
dádiva,1
assalta,1
passamos,1
impacta,1
combustíveis,1
meleca,1
insatisfeitos,1
desalocar,1
largam,1
morrem,1
mentecaptos,1
rachadinha,1
rei,1
cloroquina,1
capitão,1
confuso,1
inclua,1
polônia,1
viam,1
alemães,1
putin,1
vladimir,1
semelhança,1
destilando,1
impropérios,1
definido,1
cerbasi,1
pareceu,1
rasgação,1
sentimento,1
move,1
inclusivo,1
surpreendi,1
veicular,1
shop,1
integrada,1
despesas,1
redefinir,1
parede,1
sugestões,1
botafogo,1
sarrafo,1
alôooooo,1
trabalharei,1
gerido,1
bovegas,1
esquecida,1
disciplina,1
grossas,1
eita,1
mostrarei,1
textor,1
vencedora,1
reorganizar,1
colacar,1
raios,1
baile,1
automobilismo,1
corretas,1
sarou,1
ressaca,1
funcionamento,1
carnaval,1
errrrou,1
hahahahahhaha,1
apartir,1
retifiquem,1
boto,1
bio,1
solicitações,1
alo,1
bilionarios,1
boicote,1
palmeiras,1
excluiu,1
fiagro,1
bancar,1
esforçando,1
agendei,1
porcentagem,1
vizualizaçar,1
enquadra,1
permaneça,1
autenticação,1
executei,1
executada,1
centenas,1
requisitada,1
executa,1
processa,1
remete,1
verificamos,1
neologica,1
muitomorgulhosonde,1
mexer,1
podiam,1
prático,1
agradável,1
períodos,1
guerreiras,1
paap,1
funcionalidades,1
interface,1
clean,1
abs,1
explorar,1
ladrào,1
fechado,1
quebraram,1
esfolaram,1
descontando,1
animação,1
rafinha,1
demaisss,1
faltava,1
motor,1
governa,1
esqueça,1
piadista,1
ego,1
continuaremos,1
indignação,1
derivados,1
simplificar,1
pareça,1
dora,1
competente,1
bastos,1
elegeu,1
poupança,1
guardado,1
acessor,1
fodeu,1
ficouu,1
pretendem,1
inves,1
aprovaram,1
faco,1
perguntou,1
prometo,1
desenvolvedores,1
levantei,1
incentivar,1
desbloqueia,1
dezembro,1
extrai,1
mandados,1
comida,1
organizações,1
ocasionaram,1
maus,1
abandonar,1
educações,1
máquinas,1
formamos,1
ideias,1
multiplicadas,1
elevados,1
humanos,1
melhoras,1
acrescenta,1
métodos,1
inovação,1
evitem,1
formigas,1
cupins,1
plantar,1
cm,1
itub,1
andaram,1
duplicada,1
oloco,1
fluzaaao,1
tonalidade,1
incorporar,1
repitam,1
tio,1
largo,1
veeem,1
vieram,1
especialistas,1
março,1
extornar,1
especializadas,1
desmatar,1
suspeita,1
sugurança,1
buzz,1
geraria,1
restauração,1
parabénnnns,1
agradeçamos,1
esqueceram,1
uhulllllll,1
migro,1
informem,1
sistêmico,1
estaca,1
hectares,1
cerrado,1
fajuta,1
ajudam,1
hahahahaha,1
crakeiros,1
regulamentação,1
órgãos,1
exelente,1
famílias,1
vós,1
consigam,1
juntas,1
oramos,1
glorificado,1
organizarmos,1
pacutal,1
movimentado,1
vomitativo,1
vieses,1
assessorado,1
permanece,1
qii,1
aprovou,1
usufruir,1
corretorasl,1
aproveitado,1
simular,1
encaixe,1
again,1
faixa,1
hey,1
constância,1
luc,1
wallet,1
boatos,1
diversidade,1
rentabilidades,1
comoo,1
manipulações,1
fernandinho,1
fações,1
fraca,1
lider,1
baixarem,1
justo,1
alavancar,1
unificação,1
ficariam,1
unificasse,1
tader,1
estresso,1
receberá,1
conduzindo,1
abandona,1
lançamentos,1
extensão,1
edições,1
ansiedade,1
opa,1
qrcode,1
excluído,1
anuais,1
afirmo,1
avaliem,1
ambas,1
livres,1
escopo,1
operador,1
fabinho,1
apelando,1
ocupar,1
prenderam,1
desvinculada,1
denúncia,1
lulis,1
ressaltar,1
mecânica,1
ingresso,1
ocorre,1
priority,1
validação,1
constam,1
qt,1
utilizações,1
constando,1
entretanto,1
adicional,1
haviam,1
cancelaram,1
corram,1
mining,1
invest,1
possible,1
confusa,1
exigências,1
esquecido,1
continuarem,1
header,1
decisivo,1
confirmaram,1
realizei,1
tributos,1
experiencia,1
piorou,1
bolsominions,1
realizado,1
troquei,1
produçãaaaaun,1
caatinga,1
palpite,1
nuss,1
recebimento,1
blindado,1
galã,1
colher,1
deputados,1
senadores,1
frota,1
astronômicos,1
próprios,1
criado,1
ops,1
clicar,1
clonaram,1
proporcional,1
discordâncias,1
mensageiro,1
prezados,1
monglona,1
vaza,1
densidade,1
disser,1
graficos,1
obrigação,1
enfrentou,1
adversário,1
portando,1
pm,1
cortes,1
lastreadas,1
desejos,1
minions,1
refletem,1
cansei,1
impedia,1
repudia,1
bloquear,1
governando,1
revelou,1
cheeeeeeega,1
verdadeiras,1
hahahahahahahahahaha,1
fortemente,1
reestruturacao,1
reestruturaram,1
beeeem,1
punhado,1
recuperou,1
floresta,1
inimiga,1
colaborou,1
ciaram,1
certamente,1
saem,1
promovida,1
taxados,1
publicidade,1
restabelecendo,1
biomas,1
biodiversidade,1
públicas,1
sérias,1
isoladas,1
atitudes,1
agnt,1
mora,1
terreno,1
abandonado,1
esteva,1
mato,1
desmatada,1
árvores,1
sirva,1
incentivadores,1
jogadas,1
espalhadas,1
seguintes,1
substituição,1
indevido,1
sensíveis,1
magnifico,1
pl,1
apóiam,1
ruralistas,1
extintas,1
ambientais,1
perdidos,1
criação,1
garimpo,1
tiririca,1
mágica,1
reportagem,1
entendessem,1
desserviço,1
ecossistemas,1
cientístas,1
gastaram,1
mentiroso,1
aplicam,1
terra,1
congresso,1
venderem,1
robôs,1
homologar,1
devidas,1
providências,1
atos,1
representando,1
coerentes,1
chacota,1
maneiro,1
executivo,1
ministério,1
boiada,1
legislação,1
realizando,1
doutores,1
ofensa,1
abuso,1
veram,1
históricos,1
dependência,1
surpreendido,1
alargado,1
viola,1
bloqueio,1
avisoooooo,1
diassss,1
olhe,1
vergonhaa,1
seriooooo,1
caiupra,1
inexplicável,1
revoltada,1
catão,1
conversinha,1
controlando,1
poupe,1
enfiando,1
pendurada,1
mudam,1
absurdamente,1
arrombaram,1
valoriza,1
máster,1
armadura,1
tranferir,1
achávamos,1
palestras,1
bonitas,1
formaaaa,1
atrasada,1
combater,1
canabis,1
dc,1
portadora,1
idosa,1
funcionario,1
habitantes,1
bozó,1
vendem,1
muitoooo,1
football,1
mds,1
neymar,1
contrata,1
fpu,1
endividar,1
cronica,1
atravessa,1
turbilhao,1
saude,1
cotada,1
respeiram,1
ommomento,1
atravessanso,1
patrimonio,1
entorno,1
destespeitosos,1
fluuuuuuuu,1
fluminensr,1
fc,1
abaixarem,1
aprendendo,1
nois,1
compro,1
tráfico,1
salvem,1
estando,1
serviu,1
identifico,1
valorizo,1
humildade,1
amada,1
coraçao,1
desbloqueou,1
cash,1
atrapalharam,1
entiada,1
financiadas,1
bordo,1
habilidades,1
lindaw,1
finalizei,1
desrespeitosos,1
desumanos,1
violam,1
patologia,1
oxiiiii,1
orgulhosos,1
inclusão,1
alinhados,1
casais,1
realizarem,1
bloqueei,1
faruras,1
parcelamento,1
mentem,1
legítimas,1
convosco,1
coe,1
habilita,1
tratando,1
reclamava,1
brincam,1
iludam,1
travamento,1
ressarcido,1
beneficiam,1
encerre,1
colocavam,1
ohhh,1
emergencial,1
fluuuzaao,1
conexão,1
mantenho,1
atrasos,1
liberando,1
contratem,1
copiando,1
criatividade,1
caraiii,1
verdades,1
cadastrado,1
cadastrando,1
autorização,1
continuarmos,1
revigora,1
colar,1
wall,1
street,1
cumpriu,1
trouxeinha,1
promessa,1
movimentada,1
bi,1
conseguiriam,1
zanlorenzi,1
remuneração,1
bilionários,1
roda,1
abusado,1
entrará,1
giro,1
soberano,1
retém,1
dadas,1
criada,1
arbítrio,1
pablo,1
prisioneiro,1
imperdível,1
banana,1
recado,1
forbes,1
jorge,1
irmãos,1
machado,1
escritor,1
debochava,1
naquela,1
lucram,1
comprinhas,1
assustadora,1
desconexão,1
chão,1
barulho,1
deteriora,1
comércio,1
varejista,1
cartada,1
indicativos,1
afundou,1
nárnia,1
fúria,1
convencidos,1
inimigos,1
lutar,1
pecado,1
sentidos,1
choque,1
larápio,1
alôooo,1
daddy,1
sugar,1
contigo,1
caminhar,1
facilitar,1
suportar,1
proteja,1
vivos,1
plantas,1
acerta,1
recebível,1
gerson,1
menino,1
fumo,1
derrubar,1
ibov,1
pesado,1
balanço,1
atualizaram,1
assertivas,1
reservar,1
cúmplice,1
dogma,1
leilão,1
meninas,1
veemmmmmmmm,1
fluuuuuuminense,1
intimado,1
nenseeeeee,1
porr,1
cadastros,1
seleflu,1
flusão,1
parceira,1
neeeennseeee,1
nensee,1
fluminese,1
existirá,1
fluzaun,1
money,1
vascaino,1
nenseee,1
maiiiis,1
carajo,1
fluuuuuuuuu,1
nenssseeee,1
campeões,1
cntg,1
estareeeeeiiiiii,1
tropa,1
vindos,1
peito,1
obtenho,1
auxílio,1
nanico,1
akakakkakakaka,1
exercício,1
nenseeeeeee,1
vemmmmmmm,1
consumir,1
crypto,1
experimentar,1
binária,1
klein,1
insuportável,1
engajado,1
participado,1
evelyn,1
fechem,1
eventão,1
tornamos,1
aprendemos,1
mentalid,1
precarização,1
produtividade,1
resiliência,1
empreendedore,1
queeroo,1
procurem,1
preparadas,1
notificam,1
aguardamos,1
meninaaa,1
bônus,1
acumular,1
invadir,1
ums,1
jogaaaaar,1
neeeense,1
vira,1
baguncaaaa,1
titio,1
passos,1
espere,1
noticia,1
chic,1
riqueza,1
amplamente,1
buffet,1
aproveite,1
estabeleça,1
esperava,1
madrugada,1
copia,1
gratuito,1
tiktoker,1
propôs,1
melhorariam,1
anotei,1
sobrecarregado,1
daqueles,1
abençoados,1
creditar,1
porcarias,1
confundem,1
portugal,1
guias,1
atrasados,1
prioridades,1
sonham,1
volátil,1
planilhas,1
demos,1
stopada,1
atedimento,1
senhores,1
incetivo,1
nft,1
participe,1
tributária,1
poço,1
amorosa,1
ampla,1
batem,1
oferecidas,1
louvável,1
silver,1
bps,1
mergulhar,1
valiosa,1
calado,1
infinito,1
hra,1
sinalize,1
arrecem,1
pensava,1
superar,1
gestos,1
tocam,1
ressarcimento,1
justificando,1
ineficiência,1
baba,1
estaríamos,1
safado,1
pensamentos,1
velo,1
assuntos,1
tenhe,1
concretizar,1
arriscar,1
euforia,1
carga,1
agência,1
portal,1
tentasse,1
reformas,1
formas,1
passadas,1
confrontar,1
reseach,1
enganaça,1
botei,1
conveniência,1
pasta,1
disponibiliza,1
vivia,1
aguns,1
aiiii,1
desprovido,1
chamarem,1
envestir,1
desanimador,1
normally,1
comment,1
felt,1
compelled,1
thousands,1
benefited,1
generosity,1
one,1
precious,1
few,1
genuinely,1
look,1
something,1
blessing,1
interessaria,1
parlamentar,1
tocantins,1
minas,1
preparou,1
nela,1
economista,1
xd,1
cansam,1
intencionada,1
magia,1
considero,1
poderemos,1
encantar,1
apresente,1
anjo,1
consolidar,1
transforma,1
memorável,1
afff,1
horrores,1
bolsonaaaaro,1
palanque,1
centrão,1
proxima,1
tirador,1
salada,1
ferrando,1
ganancioso,1
acobertar,1
participantes,1
estāo,1
afundando,1
desculpem,1
asco,1
pretas,1
encerram,1
estornaram,1
entenderia,1
personalizado,1
contínuo,1
discutir,1
franqueza,1
escrevendo,1
comenta,1
ré,1
emprestar,1
foguete,1
compactuam,1
máscara,1
treta,1
conivente,1
careful,1
positiva,1
tardar,1
mesmooooo,1
manipulando,1
divisor,1
ginástica,1
estrela,1
kkkkkkkkkkk,1
clt,1
ótimos,1
calls,1
solidário,1
sortudo,1
comprovantes,1
orientada,1
chateando,1
aprovam,1
partes,1
estádio,1
representar,1
tubarões,1
perversa,1
wiseaad,1
premiada,1
crônicos,1
desrespeitam,1
prestar,1
curiosidade,1
futuramente,1
afffffff,1
procede,1
solto,1
adoram,1
fraudulentas,1
banda,1
colocada,1
embaixo,1
tapete,1
respeita,1
bo,1
condomínio,1
notificou,1
glórias,1
aprimorado,1
costuma,1
bombas,1
mentirem,1
superou,1
conceder,1
soltou,1
mira,1
mt,1
analisam,1
incluem,1
luiza,1
esperto,1
gesto,1
oferecimento,1
tradersclub,1
escândalo,1
político,1
tome,1
buka,1
trajano,1
petrobras,1
neutra,1
derreteram,1
olhem,1
texto,1
solta,1
risada,1
trilhão,1
lho,1
saaaaa,1
recebida,1
vish,1
inbox,1
river,1
crianças,1
associada,1
conversarmos,1
somarmos,1
porcentagens,1
dará,1
derrubando,1
maliciosamente,1
presente,1
corria,1
misturados,1
caem,1
reputação,1
implora,1
ambev,1
reúnem,1
jantares,1
caríssimos,1
movimentos,1
propriedades,1
privadas,1
hipócrita,1
pouquíssimas,1
precisávamos,1
bot,1
reter,1
comprometesse,1
analisariam,1
confirmo,1
pan,1
consignado,1
indevidamente,1
estornado,1
supostamente,1
lasquem,1
silencio,1
lesados,1
imaginando,1
idoso,1
solicitou,1
emprestimo,1
responderem,1
banker,1
equilíbrio,1
geração,1
posicao,1
corporativos,1
forcada,1
mentirosas,1
postes,1
cegueira,1
devemos,1
correntistas,1
haveria,1
redondo,1
preocupasse,1
curta,1
memória,1
palocci,1
comprometidas,1
precisão,1
todoss,1
visível,1
tais,1
tentam,1
indecisas,1
acerca,1
lixooo,1
nuncaaa,1
aaaahhh,1
piadistas,1
votamos,1
atambom,1
ligaram,1
presídio,1
hospício,1
pingado,1
ridícula,1
preocupações,1
evita,1
kakakakakakaka,1
marra,1
localizei,1
ficarei,1
interior,1
aumentaria,1
aumentarem,1
programei,1
congelou,1
fiança,1
etf,1
solicitando,1
auxiliando,1
falarem,1
repleta,1
comunista,1
ameaça,1
homens,1
canditados,1
canditado,1
broker,1
relevante,1
proft,1
batermos,1
presidiario,1
fe,1
ganhará,1
talves,1
lógo,1
conhecereis,1
touro,1
propina,1
derivativos,1
feche,1
afirmar,1
impacientes,1
educando,1
afloram,1
autoimunes,1
doenças,1
basicamente,1
esclerose,1
erroneamente,1
educados,1
física,1
negacionista,1
estudem,1
alienados,1
associar,1
preconceituosos,1
abstém,1
permitem,1
aprofundar,1
lucrativo,1
vixi,1
petro,1
cbav,1
igti,1
semestre,1
luisa,1
proprio,1
umbigo,1
degrau,1
desafiando,1
acabo,1
remunerada,1
value,1
investing,1
sócia,1
praticidade,1
confiam,1
pretendíamos,1
perde,1
bandeiras,1
linde,1
engana,1
concordei,1
mostrei,1
destinatário,1
imortal,1
jumento,1
livrar,1
constituição,1
kkkkkkkkkkkk,1
marmelada,1
lallaugnol,1
generosa,1
tomou,1
serio,1
deposito,1
futuros,1
cumulo,1
kkkkkkkkkkkkkkkkkkkkkkkkkkkkkkkkkkkk,1
padrões,1
famoso,1
capture,1
aparelhamento,1
sorrindo,1
envolver,1
aguentam,1
discurso,1
preocupam,1
reduzida,1
dependentes,1
transfere,1
augusto,1
vergonhoso,1
inimigo,1
demoniza,1
lanço,1
nexo,1
ala,1
teer,1
reduto,1
minionzada,1
abomino,1
instituto,1
publicador,1
detonando,1
falácias,1
manifestações,1
insistem,1
suicidar,1
perante,1
óbvio,1
inocente,1
carros,1
agricultor,1
mercadoria,1
medíocres,1
miséria,1
taxar,1
invasores,1
abortistas,1
desesperados,1
aguenta,1
advogados,1
sociedade,1
acompanharem,1
abrem,1
garanti,1
imaginem,1
certíssimo,1
comprada,1
marcado,1
cobrará,1
beija,1
envergonhados,1
escreve,1
concorda,1
madeira,1
prenome,1
inominável,1
desgovernante,1
descalabro,1
desgraça,1
laia,1
pesquisinha,1
arranca,1
dindin,1
ptralhada,1
viuu,1
luxo,1
cuja,1
larga,1
esperneia,1
ridiculamente,1
russomano,1
popularidade,1
norte,1
surge,1
remarem,1
migrem,1
anônima,1
raio,1
spreads,1
arminda,1
agem,1
justificasse,1
justifique,1
necessidades,1
adequa,1
escondendo,1
volts,1
elogiei,1
politico,1
puxar,1
otario,1
põe,1
específica,1
vinha,1
engonosa,1
desabonasse,1
recomendei,1
exemplificando,1
vossa,1
perderão,1
mentirosa,1
exigido,1
qir,1
liberalzinhos,1
irresponsávveis,1
politicagem,1
encerrarem,1
banca,1
furtou,1
garoto,1
príncipe,1
excesso,1
estacione,1
empecilho,1
kkkkkkkkkk,1
direcionarmos,1
kalil,1
bh,1
comentaram,1
ajeita,1
kkkkkkkkkkkkkk,1
interrompi,1
reduzam,1
documentooooooo,1
correspondendo,1
azeitona,1
lua,1
imunda,1
perna,1
arriverdeci,1
hgouvesse,1
vigor,1
atenda,1
teto,1
cogitando,1
negou,1
anual,1
observe,1
media,1
poupadores,1
recuperando,1
monetário,1
kkkkkkkkkkkkk,1
subirem,1
correm,1
errarem,1
leram,1
influência,1
geraldo,1
lago,1
macias,1
pétalas,1
delicadeza,1
cheiro,1
perfume,1
montanhas,1
atravessar,1
atriz,1
motiva,1
encantadora,1
desmotivar,1
retroceder,1
cessando,1
artistas,1
pele,1
babado,1
devolveu,1
assumem,1
naoa,1
diante,1
indique,1
guerreiro,1
ocorrido,1
aceitando,1
pec,1
bandidagem,1
eleitoreira,1
xx,1
qse,1
kskskskskd,1
disponibilizarão,1
pioneira,1
abreu,1
agilizem,1
affff,1
punidos,1
thomas,1
maneiras,1
movimentava,1
pfr,1
júlio,1
delícia,1
benchimol,1
erica,1
evidências,1
criou,1
mental,1
precisos,1
transição,1
motorista,1
vendi,1
embarcar,1
garantindo,1
impunidade,1
veículo,1
magazine,1
possuía,1
eai,1
dispara,1
envios,1
gain,1
externo,1
falhou,1
realizam,1
destruíram,1
minh,1
reativar,1
varios,1
alckmin,1
vlm,1
médio,1
adendo,1
retomei,1
canibalizando,1
lasquei,1
visões,1
personagens,1
agente,1
nação,1
exist,1
contraditório,1
sacada,1
malandragem,1
tooooope,1
aprimoramentos,1
aproxima,1
desconfiança,1
aconselharia,1
honesta,1
adição,1
chapéu,1
oratória,1
youre,1
ive,1
seen,1
far,1
happy,1
didnt,1
ill,1
testify,1
youve,1
autônomo,1
porsches,1
tel,1
inscrita,1
merecen,1
buenas,1
sea,1
verdad,1
ninguna,1
hago,1
contagem,1
riscando,1
cansada,1
sidney,1
guarda,1
interessam,1
únicas,1
powell,1
negaré,1
súper,1
celoso,1
arduo,1
trabajo,1
orgullosa,1
necesitamos,1
amg,1
preparamos,1
explicativo,1
confira,1
credenciados,1
alegre,1
florianópolis,1
informativo,1
agentes,1
autônomos,1
câmera,1
dialogar,1
concetrar,1
participação,1
aventuras,1
pensou,1
desnaturada,1
exemplar,1
cooperativa,1
assembleias,1
associado,1
agências,1
tornará,1
integralizando,1
quilométricas,1
filas,1
mutirão,1
organizadas,1
radiantes,1
merecedora,1
voz,1
repito,1
desligar,1
intuiçao,1
diminuirem,1
autorizaçao,1
abençoando,1
presas,1
irretocável,1
neon,1
ligacao,1
abusivas,1
gravei,1
participo,1
pssara,1
impecáveis,1
visam,1
amaria,1
arabela,1
amarela,1
verde,1
entanto,1
cobre,1
cheguei,1
propósito,1
imensa,1
fuja,1
bicho,1
desconfiado,1
protestou,1
ganhava,1
extremo,1
assertividade,1
bolsolão,1
entregar,1
refinaria,1
zapzap,1
tia,1
guilhotina,1
protegido,1
ditamento,1
pagasse,1
gravíssimo,1
editar,1
enrolando,1
relacionada,1
considera,1
macho,1
solucionada,1
várzea,1
milhareis,1
orações,1
inspirou,1
agosto,1
administrasse,1
enrolada,1
genérica,1
batalhei,1
fecharei,1
quitarei,1
repeito,1
sábias,1
integralmente,1
demonstrar,1
mostrando,1
lamentavel,1
contrangedor,1
falácia,1
perfeitamente,1
discernimento,1
extrapolar,1
mínimos,1
fotos,1
grosseiro,1
fornecerem,1
prometido,1
enquadro,1
adquirir,1
simplicidade,1
alex,1
fa,1
estória,1
cielo,1
assinar,1
conclusão,1
retido,1
priorizei,1
desagradável,1
aprovarem,1
santo,1
orgulhar,1
marcos,1
tamanha,1
muitoooooo,1
desisto,1
gorda,1
responda,1
ama,1
abusa,1
param,1
plaforma,1
operacoes,1
limpo,1
motoboy,1
brinde,1
ligando,1
chateado,1
usufruía,1
reemissão,1
extrema,1
inutilidade,1
naval,1
consultora,1
ramo,1
disposta,1
organizando,1
adiantando,1
iniciaria,1
cumprido,1
spotify,1
